date,code,name,close,ma_short,ma_long,raw_momentum,risk_adj_mom,trend_up,qdii_overdev,vol_percentile
2023-07-07,518880,黄金ETF,4.359,4.3585,4.3469,0.22,0.0347,True,False,50.0
2023-07-07,510880,红利ETF,2.543,2.545,2.5964,-0.5,-0.0306,False,False,50.0
2023-07-07,513500,标普500ETF,1.502,1.485,1.4034,6.12,0.6407,True,False,50.0
2023-07-07,513180,恒生科技ETF,0.535,0.5437,0.5255,-0.33,-0.0119,False,False,50.0
2023-07-07,510300,沪深300ETF,3.588,3.6109,3.6623,-1.0,-0.0726,False,False,50.0
2023-07-14,518880,黄金ETF,4.388,4.362,4.3512,0.57,0.0977,True,False,50.0
2023-07-14,510880,红利ETF,2.576,2.5324,2.598,0.71,0.0455,False,False,50.0
2023-07-14,513500,标普500ETF,1.513,1.4976,1.4181,5.48,0.6174,True,False,50.0
2023-07-14,513180,恒生科技ETF,0.569,0.5485,0.5263,4.99,0.169,True,False,50.0
2023-07-14,510300,沪深300ETF,3.672,3.6268,3.6484,0.47,0.0317,False,False,50.0
2023-07-21,518880,黄金ETF,4.453,4.3839,4.363,2.56,0.4199,True,False,50.0
2023-07-21,510880,红利ETF,2.562,2.5382,2.5956,1.13,0.0793,False,False,50.0
2023-07-21,513500,标普500ETF,1.536,1.5108,1.4344,6.44,0.6065,True,False,50.0
2023-07-21,513180,恒生科技ETF,0.554,0.5488,0.5279,2.92,0.1129,True,False,50.0
2023-07-21,510300,沪深300ETF,3.61,3.6186,3.6315,-1.42,-0.1186,False,False,50.0
2023-07-28,518880,黄金ETF,4.404,4.405,4.373,1.15,0.1524,False,False,50.0
2023-07-28,510880,红利ETF,2.67,2.566,2.5964,4.08,0.322,False,False,50.0
2023-07-28,513500,标普500ETF,1.534,1.5235,1.4516,5.27,0.5214,True,False,50.0
2023-07-28,513180,恒生科技ETF,0.604,0.5582,0.5334,13.44,0.209,True,True,50.0
2023-07-28,510300,沪深300ETF,3.788,3.6458,3.631,3.91,0.2214,True,False,50.0
2023-08-04,518880,黄金ETF,4.401,4.4178,4.375,0.49,0.0627,False,False,50.0
2023-08-04,510880,红利ETF,2.66,2.6,2.589,1.49,0.1152,True,False,50.0
2023-08-04,513500,标普500ETF,1.526,1.5288,1.468,4.73,0.4727,False,False,50.0
2023-08-04,513180,恒生科技ETF,0.608,0.5738,0.542,13.29,0.2058,True,True,50.0
2023-08-04,510300,沪深300ETF,3.814,3.6878,3.6354,4.14,0.2408,True,False,50.0
2023-08-11,518880,黄金ETF,4.415,4.4245,4.378,0.8,0.11,False,False,50.0
2023-08-11,510880,红利ETF,2.596,2.6172,2.583,-0.89,-0.0617,False,False,50.0
2023-08-11,513500,标普500ETF,1.522,1.5335,1.4822,3.94,0.3983,False,False,50.0
2023-08-11,513180,恒生科技ETF,0.583,0.5841,0.5488,4.04,0.1246,False,False,50.0
2023-08-11,510300,沪深300ETF,3.67,3.7155,3.6405,-0.79,-0.0414,False,False,50.0
2023-08-18,518880,黄金ETF,4.421,4.42,4.3852,0.14,0.0253,True,False,50.0
2023-08-18,510880,红利ETF,2.613,2.629,2.5811,1.72,0.1211,False,False,50.0
2023-08-18,513500,标普500ETF,1.497,1.5297,1.4934,0.92,0.0915,False,False,50.0
2023-08-18,513180,恒生科技ETF,0.556,0.5875,0.5535,2.22,0.0615,False,False,50.0
2023-08-18,510300,沪深300ETF,3.572,3.713,3.6382,-1.08,-0.0546,False,False,50.0
2023-08-25,518880,黄金ETF,4.448,4.424,4.3953,1.19,0.2784,True,False,50.0
2023-08-25,510880,红利ETF,2.599,2.6262,2.5827,-1.12,-0.0968,False,False,50.0
2023-08-25,513500,标普500ETF,1.501,1.5225,1.503,1.1,0.0822,False,False,50.0
2023-08-25,513180,恒生科技ETF,0.561,0.5828,0.5588,1.39,0.0447,False,False,50.0
2023-08-25,510300,沪深300ETF,3.504,3.6676,3.6349,-4.28,-0.3015,False,False,50.0
2023-09-01,518880,黄金ETF,4.489,4.4393,4.4052,2.05,0.5107,True,False,50.0
2023-09-01,510880,红利ETF,2.606,2.6115,2.5855,-0.97,-0.0719,False,False,50.0
2023-09-01,513500,标普500ETF,1.544,1.5228,1.5122,3.33,0.2331,True,False,50.0
2023-09-01,513180,恒生科技ETF,0.58,0.5752,0.5643,1.45,0.049,True,False,50.0
2023-09-01,510300,沪深300ETF,3.582,3.6126,3.6371,-2.03,-0.1336,False,False,50.0
2023-09-08,518880,黄金ETF,4.536,4.465,4.4171,2.77,0.6564,True,False,50.0
2023-09-08,510880,红利ETF,2.598,2.612,2.5872,0.32,0.0235,False,False,50.0
2023-09-08,513500,标普500ETF,1.544,1.528,1.5197,2.1,0.1471,True,False,50.0
2023-09-08,513180,恒生科技ETF,0.559,0.5699,0.5675,-2.07,-0.0689,False,False,50.0
2023-09-08,510300,沪深300ETF,3.529,3.572,3.6381,-2.78,-0.1846,False,False,50.0
2023-09-15,518880,黄金ETF,4.548,4.4976,4.4339,2.81,0.4612,True,False,50.0
2023-09-15,510880,红利ETF,2.669,2.6198,2.5957,3.75,0.2578,True,False,50.0
2023-09-15,513500,标普500ETF,1.548,1.5325,1.5243,2.99,0.2333,True,False,50.0
2023-09-15,513180,恒生科技ETF,0.562,0.5672,0.5679,1.99,0.0806,False,False,50.0
2023-09-15,510300,沪深300ETF,3.507,3.5512,3.6276,-1.87,-0.1292,False,False,50.0
2023-09-22,518880,黄金ETF,4.561,4.5268,4.452,2.79,0.3822,True,False,50.0
2023-09-22,510880,红利ETF,2.695,2.6417,2.6113,4.1,0.2892,True,False,50.0
2023-09-22,513500,标普500ETF,1.493,1.5344,1.5268,-1.18,-0.1009,False,False,50.0
2023-09-22,513180,恒生科技ETF,0.548,0.5646,0.5685,-0.93,-0.04,False,False,50.0
2023-09-22,510300,沪深300ETF,3.537,3.5494,3.6209,0.1,0.0067,False,False,50.0
2023-09-29,518880,黄金ETF,4.436,4.538,4.4629,-0.79,-0.0722,False,False,50.0
2023-09-29,510880,红利ETF,2.661,2.6527,2.6203,3.08,0.2636,True,False,50.0
2023-09-29,513500,标普500ETF,1.471,1.5236,1.5244,-4.0,-0.4443,False,False,50.0
2023-09-29,513180,恒生科技ETF,0.523,0.555,0.5673,-5.79,-0.2652,False,False,50.0
2023-09-29,510300,沪深300ETF,3.484,3.5347,3.6118,-1.89,-0.1354,False,False,50.0
2023-10-06,518880,黄金ETF,4.436,4.538,4.4629,-0.79,-0.0722,False,False,50.0
2023-10-06,510880,红利ETF,2.661,2.6527,2.6203,3.08,0.2636,True,False,50.0
2023-10-06,513500,标普500ETF,1.471,1.5236,1.5244,-4.0,-0.4443,False,False,50.0
2023-10-06,513180,恒生科技ETF,0.523,0.555,0.5673,-5.79,-0.2652,False,False,50.0
2023-10-06,510300,沪深300ETF,3.484,3.5347,3.6118,-1.89,-0.1354,False,False,50.0
2023-10-13,518880,黄金ETF,4.405,4.5076,4.4632,-1.26,-0.1013,False,False,50.0
2023-10-13,510880,红利ETF,2.64,2.6556,2.6279,1.21,0.1181,False,False,50.0
2023-10-13,513500,标普500ETF,1.497,1.5108,1.5236,-1.26,-0.1112,False,False,50.0
2023-10-13,513180,恒生科技ETF,0.538,0.5453,0.5666,-3.63,-0.145,False,False,50.0
2023-10-13,510300,沪深300ETF,3.456,3.5015,3.5987,-3.26,-0.2632,False,False,50.0
2023-10-20,518880,黄金ETF,4.597,4.4991,4.4707,1.78,0.1267,True,False,50.0
2023-10-20,510880,红利ETF,2.564,2.6541,2.6325,-2.48,-0.2327,False,False,50.0
2023-10-20,513500,标普500ETF,1.467,1.4994,1.5203,-4.12,-0.3368,False,False,50.0
2023-10-20,513180,恒生科技ETF,0.509,0.5351,0.5631,-7.97,-0.2963,False,False,50.0
2023-10-20,510300,沪深300ETF,3.302,3.4598,3.5764,-6.59,-0.4507,False,False,50.0
2023-10-27,518880,黄金ETF,4.599,4.5035,4.4822,1.23,0.0922,True,False,50.0
2023-10-27,510880,红利ETF,2.599,2.6261,2.6309,-1.47,-0.1226,False,False,50.0
2023-10-27,513500,标普500ETF,1.433,1.4786,1.5125,-5.25,-0.4331,False,False,50.0
2023-10-27,513180,恒生科技ETF,0.525,0.5257,0.5586,-2.87,-0.0995,False,False,50.0
2023-10-27,510300,沪深300ETF,3.356,3.4088,3.5461,-3.93,-0.2376,False,False,50.0
2023-11-03,518880,黄金ETF,4.61,4.5229,4.4986,3.4,0.337,True,False,50.0
2023-11-03,510880,红利ETF,2.558,2.5977,2.6215,-3.52,-0.2699,False,False,50.0
2023-11-03,513500,标普500ETF,1.486,1.4707,1.5054,0.52,0.0364,False,False,50.0
2023-11-03,513180,恒生科技ETF,0.541,0.524,0.5519,-0.84,-0.0302,False,False,50.0
2023-11-03,510300,沪深300ETF,3.373,3.3738,3.5109,-4.81,-0.3312,False,False,50.0
2023-11-10,518880,黄金ETF,4.554,4.5669,4.5111,2.53,0.2737,False,False,50.0
2023-11-10,510880,红利ETF,2.557,2.5755,2.6143,-2.5,-0.1953,False,False,50.0
2023-11-10,513500,标普500ETF,1.493,1.4714,1.503,-0.59,-0.0444,False,False,50.0
2023-11-10,513180,恒生科技ETF,0.537,0.5268,0.5477,-3.17,-0.1102,False,False,50.0
2023-11-10,510300,沪深300ETF,3.375,3.358,3.4795,-4.27,-0.2915,False,False,50.0
2023-11-17,518880,黄金ETF,4.572,4.5767,4.5224,0.78,0.1137,False,False,50.0
2023-11-17,510880,红利ETF,2.553,2.5602,2.6104,-0.92,-0.0876,False,False,50.0
2023-11-17,513500,标普500ETF,1.54,1.481,1.5034,3.61,0.2843,False,False,50.0
2023-11-17,513180,恒生科技ETF,0.546,0.5345,0.5455,2.26,0.0813,False,False,50.0
2023-11-17,510300,沪深300ETF,3.354,3.3576,3.4573,-1.56,-0.1338,False,False,50.0
2023-11-24,518880,黄金ETF,4.499,4.5586,4.5278,-1.17,-0.1675,False,False,50.0
2023-11-24,510880,红利ETF,2.593,2.5612,2.608,0.16,0.0175,False,False,50.0
2023-11-24,513500,标普500ETF,1.535,1.5018,1.5051,3.55,0.3187,False,False,50.0
2023-11-24,513180,恒生科技ETF,0.545,0.5438,0.5449,0.55,0.0205,False,False,50.0
2023-11-24,510300,沪深300ETF,3.325,3.3706,3.4424,-2.22,-0.2136,False,False,50.0
2023-12-01,518880,黄金ETF,4.589,4.5496,4.5368,0.81,0.0969,True,False,50.0
2023-12-01,510880,红利ETF,2.586,2.5646,2.605,0.59,0.0808,False,False,50.0
2023-12-01,513500,标普500ETF,1.539,1.5226,1.5056,1.56,0.1713,True,False,50.0
2023-12-01,513180,恒生科技ETF,0.521,0.5452,0.5414,-5.59,-0.2195,False,False,50.0
2023-12-01,510300,沪深300ETF,3.268,3.3515,3.42,-4.35,-0.4262,False,False,50.0
2023-12-08,518880,黄金ETF,4.591,4.5593,4.5446,0.99,0.1029,True,False,50.0
2023-12-08,510880,红利ETF,2.555,2.568,2.5997,-0.99,-0.1287,False,False,50.0
2023-12-08,513500,标普500ETF,1.545,1.5338,1.5053,2.01,0.197,True,False,50.0
2023-12-08,513180,恒生科技ETF,0.502,0.5332,0.5351,-7.38,-0.2985,False,False,50.0
2023-12-08,510300,沪深300ETF,3.181,3.2991,3.3862,-6.52,-0.6112,False,False,50.0
2023-12-15,518880,黄金ETF,4.59,4.5597,4.5452,0.18,0.0161,True,False,50.0
2023-12-15,510880,红利ETF,2.562,2.5728,2.5957,-0.95,-0.1025,False,False,50.0
2023-12-15,513500,标普500ETF,1.586,1.5454,1.5085,2.98,0.3107,True,False,50.0
2023-12-15,513180,恒生科技ETF,0.508,0.5214,0.5304,-6.03,-0.2515,False,False,50.0
2023-12-15,510300,沪深300ETF,3.132,3.249,3.3554,-6.95,-0.5895,False,False,50.0
2023-12-22,518880,黄金ETF,4.627,4.5833,4.5484,1.89,0.182,True,False,50.0
2023-12-22,510880,红利ETF,2.525,2.5648,2.584,-3.35,-0.3858,False,False,50.0
2023-12-22,513500,标普500ETF,1.597,1.5623,1.5142,3.84,0.3746,True,False,50.0
2023-12-22,513180,恒生科技ETF,0.477,0.509,0.5261,-10.51,-0.3856,False,False,50.0
2023-12-22,510300,沪深300ETF,3.126,3.1905,3.3233,-5.94,-0.4963,False,False,50.0
2023-12-29,518880,黄金ETF,4.648,4.602,4.5582,2.17,0.2241,True,False,50.0
2023-12-29,510880,红利ETF,2.515,2.5486,2.5703,-3.1,-0.3353,False,False,50.0
2023-12-29,513500,标普500ETF,1.603,1.5798,1.5243,4.85,0.4777,True,False,50.0
2023-12-29,513180,恒生科技ETF,0.499,0.4982,0.5225,-2.57,-0.0858,False,False,50.0
2023-12-29,510300,沪深300ETF,3.219,3.159,3.2948,-2.44,-0.1534,False,False,50.0
2024-01-05,518880,黄金ETF,4.664,4.615,4.5773,2.75,0.375,True,False,50.0
2024-01-05,510880,红利ETF,2.628,2.5555,2.5678,2.29,0.1963,False,False,50.0
2024-01-05,513500,标普500ETF,1.582,1.5904,1.5311,2.74,0.2891,False,False,50.0
2024-01-05,513180,恒生科技ETF,0.482,0.4954,0.5191,-6.69,-0.2522,False,False,50.0
2024-01-05,510300,沪深300ETF,3.116,3.1493,3.2734,-4.72,-0.3091,False,False,50.0
2024-01-12,518880,黄金ETF,4.646,4.6346,4.5905,1.1,0.2552,True,False,50.0
2024-01-12,510880,红利ETF,2.594,2.5616,2.5649,0.11,0.0086,False,False,50.0
2024-01-12,513500,标普500ETF,1.616,1.6006,1.5403,3.8,0.375,True,False,50.0
2024-01-12,513180,恒生科技ETF,0.467,0.4868,0.5143,-6.45,-0.2185,False,False,50.0
2024-01-12,510300,沪深300ETF,3.069,3.1224,3.2458,-3.68,-0.2493,False,False,50.0
2024-01-19,518880,黄金ETF,4.643,4.6485,4.5963,0.75,0.1216,False,False,50.0
2024-01-19,510880,红利ETF,2.534,2.569,2.5662,-0.99,-0.0693,False,False,50.0
2024-01-19,513500,标普500ETF,1.626,1.606,1.5539,5.36,0.5713,True,False,50.0
2024-01-19,513180,恒生科技ETF,0.42,0.47,0.5084,-15.57,-0.4301,False,False,50.0
2024-01-19,510300,沪深300ETF,3.064,3.1078,3.2268,-3.09,-0.177,False,False,50.0
2024-01-26,518880,黄金ETF,4.625,4.6426,4.5974,-0.4,-0.0629,False,False,50.0
2024-01-26,510880,红利ETF,2.664,2.5796,2.565,5.38,0.2401,True,False,50.0
2024-01-26,513500,标普500ETF,1.654,1.6203,1.5723,5.79,0.4912,True,False,50.0
2024-01-26,513180,恒生科技ETF,0.43,0.4557,0.5004,-12.08,-0.3175,False,False,50.0
2024-01-26,510300,沪深300ETF,3.118,3.0884,3.2022,-3.1,-0.1646,False,False,50.0
2024-02-02,518880,黄金ETF,4.679,4.6421,4.6048,1.44,0.2292,True,False,50.0
2024-02-02,510880,红利ETF,2.627,2.5952,2.5729,0.43,0.0194,True,False,50.0
2024-02-02,513500,标普500ETF,1.688,1.6398,1.5871,7.41,0.5607,True,False,50.0
2024-02-02,513180,恒生科技ETF,0.41,0.4362,0.4889,-16.12,-0.3923,False,False,50.0
2024-02-02,510300,沪深300ETF,2.977,3.0539,3.1707,-6.88,-0.3544,False,False,50.0
2024-02-09,518880,黄金ETF,4.662,4.643,4.6107,0.87,0.1263,True,False,50.0
2024-02-09,510880,红利ETF,2.72,2.6121,2.5815,5.37,0.2411,True,False,50.0
2024-02-09,513500,标普500ETF,1.745,1.6602,1.6,8.8,0.3017,True,True,50.0
2024-02-09,513180,恒生科技ETF,0.428,0.4279,0.4808,-11.1,-0.2395,False,False,50.0
2024-02-09,510300,沪深300ETF,3.151,3.0584,3.1518,-0.05,-0.0022,False,False,50.0
2024-02-16,518880,黄金ETF,4.662,4.643,4.6107,0.87,0.1263,True,False,50.0
2024-02-16,510880,红利ETF,2.72,2.6121,2.5815,5.37,0.2411,True,False,50.0
2024-02-16,513500,标普500ETF,1.745,1.6602,1.6,8.8,0.3017,True,True,50.0
2024-02-16,513180,恒生科技ETF,0.428,0.4279,0.4808,-11.1,-0.2395,False,False,50.0
2024-02-16,510300,沪深300ETF,3.151,3.0584,3.1518,-0.05,-0.0022,False,False,50.0
2024-02-23,518880,黄金ETF,4.63,4.6407,4.6195,0.89,0.1622,False,False,50.0
2024-02-23,510880,红利ETF,2.867,2.6744,2.6047,10.7,0.4527,True,False,50.0
2024-02-23,513500,标普500ETF,1.766,1.691,1.6172,9.76,0.6233,True,False,50.0
2024-02-23,513180,恒生科技ETF,0.46,0.4289,0.4726,0.32,0.0037,False,True,50.0
2024-02-23,510300,沪深300ETF,3.267,3.1008,3.1411,3.59,0.1724,False,False,50.0
2024-03-01,518880,黄金ETF,4.667,4.647,4.629,1.33,0.2685,True,False,50.0
2024-03-01,510880,红利ETF,2.822,2.7452,2.6241,6.49,0.3326,True,False,50.0
2024-03-01,513500,标普500ETF,1.781,1.7199,1.6369,8.5,0.5462,True,False,50.0
2024-03-01,513180,恒生科技ETF,0.469,0.4383,0.466,-0.1,-0.0013,False,True,50.0
2024-03-01,510300,沪深300ETF,3.319,3.155,3.1377,3.81,0.195,True,False,50.0
2024-03-08,518880,黄金ETF,4.881,4.6908,4.6477,5.18,0.5796,True,False,50.0
2024-03-08,510880,红利ETF,2.904,2.8013,2.6494,10.15,0.5865,True,False,50.0
2024-03-08,513500,标普500ETF,1.8,1.7504,1.6576,9.36,0.6253,True,False,50.0
2024-03-08,513180,恒生科技ETF,0.458,0.448,0.4614,2.35,0.0677,False,False,50.0
2024-03-08,510300,沪深300ETF,3.322,3.2235,3.1455,6.57,0.3828,True,False,50.0
2024-03-15,518880,黄金ETF,4.899,4.7491,4.6748,5.07,0.5973,True,False,50.0
2024-03-15,510880,红利ETF,2.786,2.8343,2.6691,2.91,0.1453,False,False,50.0
2024-03-15,513500,标普500ETF,1.775,1.7704,1.6767,4.37,0.3647,True,False,50.0
2024-03-15,513180,恒生科技ETF,0.477,0.4626,0.4596,5.29,0.169,True,False,50.0
2024-03-15,510300,沪深300ETF,3.35,3.2953,3.1599,5.18,0.3874,True,False,50.0
2024-03-22,518880,黄金ETF,4.946,4.8159,4.7011,5.83,0.5213,True,False,50.0
2024-03-22,510880,红利ETF,2.783,2.8176,2.6869,1.27,0.0849,False,False,50.0
2024-03-22,513500,标普500ETF,1.837,1.7862,1.6938,6.96,0.5851,True,False,50.0
2024-03-22,513180,恒生科技ETF,0.469,0.4697,0.4576,-1.39,-0.0438,False,False,50.0
2024-03-22,510300,沪深300ETF,3.328,3.3278,3.1797,3.12,0.2322,True,False,50.0
2024-03-29,518880,黄金ETF,5.126,4.9064,4.7326,8.65,0.703,True,False,50.0
2024-03-29,510880,红利ETF,2.787,2.809,2.7085,2.61,0.2098,False,False,50.0
2024-03-29,513500,标普500ETF,1.856,1.8049,1.7142,6.94,0.5746,True,False,50.0
2024-03-29,513180,恒生科技ETF,0.474,0.4708,0.4561,-0.05,-0.0015,True,False,50.0
2024-03-29,510300,沪深300ETF,3.315,3.3364,3.1948,1.69,0.159,False,False,50.0
2024-04-05,518880,黄金ETF,5.231,4.9668,4.7588,8.82,0.7331,True,False,50.0
2024-04-05,510880,红利ETF,2.84,2.8008,2.7228,3.34,0.2586,True,False,50.0
2024-04-05,513500,标普500ETF,1.802,1.8113,1.7255,3.77,0.2589,False,False,50.0
2024-04-05,513180,恒生科技ETF,0.469,0.4736,0.455,-0.09,-0.0029,False,False,50.0
2024-04-05,510300,沪深300ETF,3.347,3.3408,3.2028,2.28,0.1895,True,False,50.0
2024-04-12,518880,黄金ETF,5.504,5.0943,4.8202,13.07,0.8138,True,False,75.0
2024-04-12,510880,红利ETF,2.879,2.8033,2.7434,4.94,0.5495,True,False,75.0
2024-04-12,513500,标普500ETF,1.802,1.8152,1.7432,4.09,0.2799,False,False,75.0
2024-04-12,513180,恒生科技ETF,0.471,0.4743,0.4545,-1.63,-0.0636,False,False,75.0
2024-04-12,510300,沪深300ETF,3.255,3.3269,3.2177,-0.29,-0.0255,False,False,75.0
2024-04-19,518880,黄金ETF,5.471,5.2373,4.8867,11.03,0.6355,True,False,100.0
2024-04-19,510880,红利ETF,3.023,2.855,2.7753,10.15,0.8961,True,False,100.0
2024-04-19,513500,标普500ETF,1.709,1.8049,1.7533,-1.57,-0.0916,False,False,100.0
2024-04-19,513180,恒生科技ETF,0.445,0.4678,0.4539,-4.99,-0.1961,False,False,100.0
2024-04-19,510300,沪深300ETF,3.32,3.319,3.2389,2.05,0.1358,True,False,100.0
2024-04-26,518880,黄金ETF,5.329,5.3204,4.9426,7.39,0.3482,True,False,100.0
2024-04-26,510880,红利ETF,2.879,2.8848,2.8066,5.71,0.3164,False,False,100.0
2024-04-26,513500,标普500ETF,1.746,1.7814,1.7623,-0.59,-0.0328,False,False,100.0
2024-04-26,513180,恒生科技ETF,0.502,0.4698,0.4585,12.53,0.20115,True,True,100.0
2024-04-26,510300,沪深300ETF,3.362,3.318,3.2628,4.9,0.3217,True,False,100.0
2024-05-03,518880,黄金ETF,5.286,5.3417,4.965,6.2,0.3017,False,False,50.0
2024-05-03,510880,红利ETF,2.858,2.8922,2.8154,3.75,0.2023,False,False,50.0
2024-05-03,513500,标普500ETF,1.758,1.7708,1.7652,-0.64,-0.037,False,False,50.0
2024-05-03,513180,恒生科技ETF,0.5,0.4727,0.4606,7.99,0.1299,True,True,50.0
2024-05-03,510300,沪深300ETF,3.387,3.3269,3.2728,4.21,0.2655,True,False,50.0
2024-05-10,518880,黄金ETF,5.369,5.3484,5.018,4.82,0.2412,True,False,66.7
2024-05-10,510880,红利ETF,2.927,2.9108,2.8359,5.63,0.3124,True,False,66.7
2024-05-10,513500,标普500ETF,1.799,1.7601,1.7747,2.59,0.1543,False,False,66.7
2024-05-10,513180,恒生科技ETF,0.533,0.4874,0.4702,16.81,0.20195,True,True,66.7
2024-05-10,510300,沪深300ETF,3.447,3.3502,3.3048,6.78,0.4366,True,False,66.7
2024-05-17,518880,黄金ETF,5.416,5.3364,5.0781,4.7,0.2905,True,False,15.4
2024-05-17,510880,红利ETF,2.945,2.9168,2.8569,2.37,0.1527,True,False,15.4
2024-05-17,513500,标普500ETF,1.844,1.7706,1.7848,5.16,0.3796,False,False,15.4
2024-05-17,513180,恒生科技ETF,0.556,0.5072,0.4807,21.2,0.27935,True,True,15.4
2024-05-17,510300,沪深300ETF,3.465,3.387,3.3353,5.66,0.4379,True,False,15.4
2024-05-24,518880,黄金ETF,5.319,5.3482,5.145,4.94,0.2821,False,False,35.5
2024-05-24,510880,红利ETF,2.953,2.9196,2.8684,2.08,0.1893,True,False,35.5
2024-05-24,513500,标普500ETF,1.818,1.7987,1.793,3.21,0.2248,True,False,35.5
2024-05-24,513180,恒生科技ETF,0.514,0.528,0.488,7.16,0.1677,False,False,35.5
2024-05-24,510300,沪深300ETF,3.391,3.4178,3.3534,2.28,0.1744,False,False,35.5
2024-05-31,518880,黄金ETF,5.343,5.3591,5.2024,4.97,0.2855,False,False,0.0
2024-05-31,510880,红利ETF,2.988,2.9498,2.8836,4.28,0.3757,True,False,0.0
2024-05-31,513500,标普500ETF,1.807,1.8163,1.7973,1.71,0.1393,False,False,0.0
2024-05-31,513180,恒生科技ETF,0.507,0.5334,0.4923,2.86,0.0722,False,False,0.0
2024-05-31,510300,沪深300ETF,3.371,3.428,3.3638,0.12,0.0102,False,False,0.0
2024-06-07,518880,黄金ETF,5.399,5.3771,5.2467,3.67,0.2198,True,False,4.9
2024-06-07,510880,红利ETF,2.976,2.9649,2.8904,1.5,0.1133,True,False,4.9
2024-06-07,513500,标普500ETF,1.882,1.8352,1.8029,4.5,0.3422,True,False,4.9
2024-06-07,513180,恒生科技ETF,0.513,0.5296,0.4974,1.96,0.0779,False,False,4.9
2024-06-07,510300,沪深300ETF,3.365,3.415,3.3687,-0.84,-0.0846,False,False,4.9
2024-06-14,518880,黄金ETF,5.271,5.3566,5.272,0.61,0.0315,False,False,0.0
2024-06-14,510880,红利ETF,2.938,2.968,2.8988,1.73,0.1075,False,False,0.0
2024-06-14,513500,标普500ETF,1.903,1.8503,1.8103,3.75,0.3009,True,False,0.0
2024-06-14,513180,恒生科技ETF,0.508,0.5218,0.4991,-2.73,-0.116,False,False,0.0
2024-06-14,510300,沪深300ETF,3.343,3.3962,3.367,-1.43,-0.1408,False,False,0.0
2024-06-21,518880,黄金ETF,5.376,5.3212,5.3072,2.89,0.1935,True,False,0.0
2024-06-21,510880,红利ETF,2.914,2.9499,2.9097,0.57,0.0379,False,False,0.0
2024-06-21,513500,标普500ETF,1.914,1.8667,1.8201,3.32,0.2607,True,False,0.0
2024-06-21,513180,恒生科技ETF,0.508,0.5132,0.5017,-0.68,-0.0306,False,False,0.0
2024-06-21,510300,沪深300ETF,3.305,3.3626,3.364,-2.56,-0.3037,False,False,0.0
2024-06-28,518880,黄金ETF,5.297,5.3074,5.3324,1.12,0.0708,False,False,7.3
2024-06-28,510880,红利ETF,2.916,2.9254,2.9191,0.54,0.0376,False,False,7.3
2024-06-28,513500,标普500ETF,1.971,1.8939,1.8278,6.82,0.6862,True,False,7.3
2024-06-28,513180,恒生科技ETF,0.489,0.5081,0.5042,-1.5,-0.0695,False,False,7.3
2024-06-28,510300,沪深300ETF,3.276,3.3323,3.3615,-1.99,-0.2678,False,False,7.3
2024-07-05,518880,黄金ETF,5.381,5.3066,5.3435,0.31,0.0216,False,False,3.3
2024-07-05,510880,红利ETF,2.933,2.9264,2.9317,0.72,0.0454,False,False,3.3
2024-07-05,513500,标普500ETF,1.993,1.9292,1.8404,6.51,0.607,True,False,3.3
2024-07-05,513180,恒生科技ETF,0.495,0.5024,0.5058,-0.29,-0.013,False,False,3.3
2024-07-05,510300,沪深300ETF,3.247,3.3043,3.3557,-2.9,-0.418,False,False,3.3
2024-07-12,518880,黄金ETF,5.446,5.3347,5.3432,2.06,0.2181,False,False,30.8
2024-07-12,510880,红利ETF,2.873,2.9151,2.9336,-2.25,-0.1478,False,False,30.8
2024-07-12,513500,标普500ETF,1.974,1.9534,1.8564,4.89,0.3842,True,False,30.8
2024-07-12,513180,恒生科技ETF,0.516,0.5,0.508,4.85,0.1893,False,False,30.8
2024-07-12,510300,沪深300ETF,3.308,3.286,3.3536,-0.33,-0.0344,False,False,30.8
2024-07-19,518880,黄金ETF,5.425,5.381,5.3487,0.72,0.0492,True,False,32.9
2024-07-19,510880,红利ETF,2.865,2.9111,2.9258,-1.62,-0.1045,False,False,32.9
2024-07-19,513500,标普500ETF,1.979,1.9822,1.8811,6.35,0.3416,False,False,32.9
2024-07-19,513180,恒生科技ETF,0.491,0.497,0.512,-0.13,-0.0053,False,False,32.9
2024-07-19,510300,沪深300ETF,3.389,3.2924,3.3559,2.45,0.2477,False,False,32.9
2024-07-26,518880,黄金ETF,5.35,5.4088,5.3574,0.54,0.0329,False,False,70.7
2024-07-26,510880,红利ETF,2.782,2.8902,2.9196,-3.54,-0.2383,False,False,70.7
2024-07-26,513500,标普500ETF,1.927,1.986,1.8979,1.32,0.0609,False,False,70.7
2024-07-26,513180,恒生科技ETF,0.475,0.4936,0.5116,-3.75,-0.1568,False,False,70.7
2024-07-26,510300,沪深300ETF,3.263,3.2945,3.3519,-2.19,-0.1712,False,False,70.7
2024-08-02,518880,黄金ETF,5.505,5.4343,5.3722,3.19,0.1897,True,False,100.0
2024-08-02,510880,红利ETF,2.803,2.8491,2.9127,-3.15,-0.2515,False,False,100.0
2024-08-02,513500,标普500ETF,1.912,1.979,1.9131,0.06,0.0024,False,False,100.0
2024-08-02,513180,恒生科技ETF,0.464,0.489,0.5074,-7.43,-0.2713,False,False,100.0
2024-08-02,510300,沪深300ETF,3.236,3.2896,3.3377,-2.15,-0.132,False,False,100.0
2024-08-09,518880,黄金ETF,5.396,5.4235,5.3716,-0.97,-0.0499,False,False,81.2
2024-08-09,510880,红利ETF,2.763,2.8146,2.8993,-3.85,-0.3545,False,False,81.2
2024-08-09,513500,标普500ETF,1.835,1.9328,1.9122,-4.57,-0.1304,False,False,81.2
2024-08-09,513180,恒生科技ETF,0.468,0.4792,0.5004,-8.95,-0.3441,False,False,81.2
2024-08-09,510300,沪深300ETF,3.182,3.2706,3.3176,-4.36,-0.291,False,False,81.2
2024-08-16,518880,黄金ETF,5.453,5.4106,5.3709,0.96,0.0595,True,False,74.4
2024-08-16,510880,红利ETF,2.811,2.7905,2.8838,-2.09,-0.1973,False,False,74.4
2024-08-16,513500,标普500ETF,1.975,1.9068,1.9186,3.47,0.0999,False,False,74.4
2024-08-16,513180,恒生科技ETF,0.47,0.4708,0.4937,-5.5,-0.2083,False,False,74.4
2024-08-16,510300,沪深300ETF,3.199,3.2286,3.2946,-4.73,-0.3188,False,False,74.4
2024-08-23,518880,黄金ETF,5.504,5.4423,5.3861,2.68,0.2101,True,False,57.9
2024-08-23,510880,红利ETF,2.774,2.787,2.8675,-2.49,-0.2138,False,False,57.9
2024-08-23,513500,标普500ETF,1.964,1.9101,1.93,3.47,0.1051,False,False,57.9
2024-08-23,513180,恒生科技ETF,0.468,0.468,0.4898,-3.24,-0.127,False,False,57.9
2024-08-23,510300,沪深300ETF,3.182,3.2036,3.2768,-3.15,-0.2434,False,False,57.9
2024-08-30,518880,黄金ETF,5.522,5.465,5.402,0.91,0.0747,True,False,20.0
2024-08-30,510880,红利ETF,2.705,2.771,2.8488,-4.73,-0.3626,False,False,20.0
2024-08-30,513500,标普500ETF,1.978,1.917,1.9418,3.55,0.1186,False,False,20.0
2024-08-30,513180,恒生科技ETF,0.481,0.4672,0.4862,0.14,0.0062,False,False,20.0
2024-08-30,510300,沪深300ETF,3.181,3.1807,3.2582,-2.69,-0.2744,False,False,20.0
2024-09-06,518880,黄金ETF,5.517,5.4992,5.4191,2.5,0.3254,True,False,47.6
2024-09-06,510880,红利ETF,2.67,2.7538,2.8279,-4.68,-0.3684,False,False,47.6
2024-09-06,513500,标普500ETF,1.919,1.9536,1.9466,1.94,0.0905,False,False,47.6
2024-09-06,513180,恒生科技ETF,0.466,0.4693,0.4829,-3.32,-0.1568,False,False,47.6
2024-09-06,510300,沪深300ETF,3.091,3.1616,3.2394,-4.26,-0.3638,False,False,47.6
2024-09-13,518880,黄金ETF,5.611,5.5198,5.4371,3.1,0.3362,True,False,36.4
2024-09-13,510880,红利ETF,2.56,2.7019,2.8012,-8.93,-0.59,False,False,36.4
2024-09-13,513500,标普500ETF,1.941,1.9525,1.9472,-0.21,-0.0108,False,False,36.4
2024-09-13,513180,恒生科技ETF,0.47,0.4697,0.4792,-2.07,-0.105,False,False,36.4
2024-09-13,510300,沪深300ETF,3.017,3.1254,3.2155,-5.94,-0.5382,False,False,36.4
2024-09-20,518880,黄金ETF,5.663,5.5352,5.4539,3.81,0.4116,True,False,51.3
2024-09-20,510880,红利ETF,2.589,2.6694,2.7865,-6.23,-0.416,False,False,51.3
2024-09-20,513500,标普500ETF,1.97,1.9525,1.9493,1.4,0.0752,True,False,51.3
2024-09-20,513180,恒生科技ETF,0.494,0.472,0.4785,3.65,0.1757,False,False,51.3
2024-09-20,510300,沪深300ETF,3.063,3.1037,3.2038,-3.72,-0.3128,False,False,51.3
2024-09-27,518880,黄金ETF,5.708,5.5842,5.4893,3.85,0.3846,True,False,100.0
2024-09-27,510880,红利ETF,2.893,2.6767,2.7736,4.19,0.1467,False,False,100.0
2024-09-27,513500,标普500ETF,1.919,1.9454,1.9474,-3.67,-0.1934,False,False,100.0
2024-09-27,513180,恒生科技ETF,0.586,0.4884,0.4823,21.78,0.3018,True,True,100.0
2024-09-27,510300,沪深300ETF,3.658,3.1434,3.2078,15.49,0.4413,False,False,100.0
2024-10-04,518880,黄金ETF,5.707,5.5928,5.495,3.45,0.3439,True,False,100.0
2024-10-04,510880,红利ETF,3.114,2.6976,2.7764,13.19,0.352,False,False,100.0
2024-10-04,513500,标普500ETF,1.908,1.942,1.9463,-3.39,-0.1814,False,False,100.0
2024-10-04,513180,恒生科技ETF,0.643,0.4972,0.4847,33.55,0.35965,True,True,100.0
2024-10-04,510300,沪深300ETF,4.022,3.1876,3.2204,27.28,0.5736,False,False,100.0
2024-10-11,518880,黄金ETF,5.739,5.6324,5.5158,4.54,0.4093,True,False,100.0
2024-10-11,510880,红利ETF,2.941,2.7525,2.7801,5.57,0.1085,False,False,100.0
2024-10-11,513500,标普500ETF,1.967,1.9344,1.9424,1.48,0.1012,False,False,100.0
2024-10-11,513180,恒生科技ETF,0.616,0.5291,0.494,24.03,0.22265,True,True,100.0
2024-10-11,510300,沪深300ETF,3.766,3.343,3.265,15.84,0.254,True,False,100.0
2024-10-18,518880,黄金ETF,5.945,5.7214,5.5482,6.34,0.55,True,False,100.0
2024-10-18,510880,红利ETF,2.967,2.8385,2.7874,9.03,0.1748,True,False,100.0
2024-10-18,513500,标普500ETF,2.027,1.9636,1.9432,3.6,0.1942,True,False,100.0
2024-10-18,513180,恒生科技ETF,0.618,0.5646,0.5025,23.45,0.2016,True,True,100.0
2024-10-18,510300,沪深300ETF,3.805,3.5104,3.2999,16.85,0.2615,True,False,100.0
2024-10-25,518880,黄金ETF,5.998,5.8251,5.595,6.06,0.5153,True,False,99.2
2024-10-25,510880,红利ETF,2.939,2.931,2.7963,7.9,0.1521,True,False,99.2
2024-10-25,513500,标普500ETF,1.991,1.9766,1.9447,0.53,0.0298,True,False,99.2
2024-10-25,513180,恒生科技ETF,0.613,0.598,0.5127,20.28,0.3364,True,False,99.2
2024-10-25,510300,沪深300ETF,3.829,3.706,3.3404,17.78,0.2754,True,False,99.2
2024-11-01,518880,黄金ETF,6.051,5.9137,5.6531,6.58,0.5273,True,False,86.2
2024-11-01,510880,红利ETF,2.89,2.9577,2.8053,0.49,0.0102,False,False,86.2
2024-11-01,513500,标普500ETF,1.971,1.9894,1.9495,1.51,0.0829,False,False,86.2
2024-11-01,513180,恒生科技ETF,0.606,0.6179,0.5244,9.04,0.1701,False,False,86.2
2024-11-01,510300,沪深300ETF,3.768,3.8204,3.3847,5.47,0.0951,False,False,86.2
2024-11-08,518880,黄金ETF,5.898,5.9781,5.6987,3.94,0.2725,False,False,83.9
2024-11-08,510880,红利ETF,2.941,2.9394,2.8181,2.29,0.1031,True,False,83.9
2024-11-08,513500,标普500ETF,2.063,2.01,1.9624,7.55,0.372,True,False,83.9
2024-11-08,513180,恒生科技ETF,0.639,0.6162,0.5381,14.45,0.4599,True,False,83.9
2024-11-08,510300,沪深300ETF,3.983,3.82,3.4443,11.48,0.4172,True,False,83.9
2024-11-15,518880,黄金ETF,5.683,5.955,5.728,-1.68,-0.1082,False,False,79.7
2024-11-15,510880,红利ETF,2.885,2.919,2.828,-0.6,-0.0384,False,False,79.7
2024-11-15,513500,标普500ETF,2.088,2.0288,1.9825,4.34,0.2311,True,False,79.7
2024-11-15,513180,恒生科技ETF,0.595,0.6167,0.5502,5.48,0.2091,False,False,79.7
2024-11-15,510300,沪深300ETF,3.844,3.8701,3.5077,6.32,0.286,False,False,79.7
2024-11-22,518880,黄金ETF,6.01,5.9215,5.7606,3.81,0.2124,True,False,81.0
2024-11-22,510880,红利ETF,2.857,2.9105,2.837,-0.68,-0.0359,False,False,81.0
2024-11-22,513500,标普500ETF,2.128,2.0564,1.9951,6.28,0.3412,True,False,81.0
2024-11-22,513180,恒生科技ETF,0.583,0.6127,0.5609,4.76,0.1871,False,False,81.0
2024-11-22,510300,沪深300ETF,3.742,3.8715,3.5604,3.67,0.1512,False,False,81.0
2024-11-29,518880,黄金ETF,5.923,5.8751,5.791,0.8,0.0425,True,False,81.0
2024-11-29,510880,红利ETF,2.916,2.9082,2.8475,2.65,0.1512,True,False,81.0
2024-11-29,513500,标普500ETF,2.182,2.101,2.012,8.64,0.4932,True,False,81.0
2024-11-29,513180,恒生科技ETF,0.594,0.6058,0.5707,7.46,0.2949,False,False,81.0
2024-11-29,510300,沪深300ETF,3.79,3.8625,3.6088,6.69,0.2655,False,False,81.0
2024-12-06,518880,黄金ETF,5.903,5.865,5.8252,2.39,0.1375,True,False,71.8
2024-12-06,510880,红利ETF,3.017,2.9179,2.8699,5.61,0.3631,True,False,71.8
2024-12-06,513500,标普500ETF,2.228,2.1527,2.0324,9.25,0.6867,True,False,71.8
2024-12-06,513180,恒生科技ETF,0.612,0.6002,0.5818,7.64,0.3239,True,False,71.8
2024-12-06,510300,沪深300ETF,3.846,3.8336,3.6655,5.65,0.3046,True,False,71.8
2024-12-13,518880,黄金ETF,6.001,5.9195,5.8653,5.61,0.3758,True,False,72.6
2024-12-13,510880,红利ETF,3.003,2.9505,2.9027,7.17,0.488,True,False,72.6
2024-12-13,513500,标普500ETF,2.244,2.1842,2.0589,9.33,0.8958,True,False,72.6
2024-12-13,513180,恒生科技ETF,0.618,0.6039,0.5951,12.0,0.4639,True,False,72.6
2024-12-13,510300,沪深300ETF,3.809,3.8132,3.7312,6.9,0.3699,False,False,72.6
2024-12-20,518880,黄金ETF,5.892,5.9285,5.8917,-0.13,-0.0105,False,False,52.6
2024-12-20,510880,红利ETF,2.979,2.9762,2.9392,6.49,0.548,True,False,52.6
2024-12-20,513500,标普500ETF,2.144,2.2094,2.0808,2.13,0.12,False,False,52.6
2024-12-20,513180,恒生科技ETF,0.616,0.6076,0.6061,10.17,0.4211,True,False,52.6
2024-12-20,510300,沪深300ETF,3.807,3.8075,3.795,8.14,0.547,False,False,52.6
2024-12-27,518880,黄金ETF,5.945,5.9406,5.9098,1.61,0.166,True,False,42.7
2024-12-27,510880,红利ETF,3.03,3.0094,2.9584,3.72,0.3087,True,False,42.7
2024-12-27,513500,标普500ETF,2.191,2.2129,2.1011,4.9,0.2724,False,False,42.7
2024-12-27,513180,恒生科技ETF,0.626,0.616,0.6133,5.07,0.2201,True,False,42.7
2024-12-27,510300,沪深300ETF,3.856,3.8326,3.8385,2.75,0.2095,False,False,42.7
2025-01-03,518880,黄金ETF,6.029,5.9505,5.9285,3.03,0.3195,True,False,69.2
2025-01-03,510880,红利ETF,2.963,3.0226,2.9587,-0.85,-0.0539,False,False,69.2
2025-01-03,513500,标普500ETF,2.17,2.2036,2.1178,1.6,0.0879,False,False,69.2
2025-01-03,513180,恒生科技ETF,0.605,0.6174,0.6113,-1.67,-0.0688,False,False,69.2
2025-01-03,510300,沪深300ETF,3.658,3.8226,3.8241,-4.55,-0.2526,False,False,69.2
2025-01-10,518880,黄金ETF,6.105,5.9668,5.9462,1.71,0.1836,True,False,50.8
2025-01-10,510880,红利ETF,2.866,2.9968,2.9548,-4.33,-0.2764,False,False,50.8
2025-01-10,513500,标普500ETF,2.173,2.1952,2.1324,0.58,0.0301,False,False,50.8
2025-01-10,513180,恒生科技ETF,0.591,0.6113,0.6106,-4.17,-0.2333,False,False,50.8
2025-01-10,510300,沪深300ETF,3.612,3.768,3.817,-4.34,-0.2619,False,False,50.8
2025-01-17,518880,黄金ETF,6.139,6.0092,5.9548,2.99,0.3757,True,False,71.9
2025-01-17,510880,红利ETF,2.911,2.9643,2.9497,-1.59,-0.0962,False,False,71.9
2025-01-17,513500,标普500ETF,2.191,2.1794,2.1458,3.97,0.2445,True,False,71.9
2025-01-17,513180,恒生科技ETF,0.618,0.6091,0.6098,1.57,0.0809,False,False,71.9
2025-01-17,510300,沪深300ETF,3.687,3.7332,3.8044,-2.21,-0.123,False,False,71.9
2025-01-24,518880,黄金ETF,6.218,6.0691,5.9634,3.16,0.4157,True,False,72.6
2025-01-24,510880,红利ETF,2.924,2.9346,2.9484,-1.02,-0.0595,False,False,72.6
2025-01-24,513500,标普500ETF,2.214,2.1852,2.1627,3.8,0.2679,True,False,72.6
2025-01-24,513180,恒生科技ETF,0.636,0.612,0.6109,2.75,0.1026,True,False,72.6
2025-01-24,510300,沪深300ETF,3.718,3.698,3.7963,-2.03,-0.1122,False,False,72.6
2025-01-31,518880,黄金ETF,6.202,6.082,5.9659,3.15,0.4047,True,False,71.2
2025-01-31,510880,红利ETF,2.962,2.9312,2.9496,0.05,0.0028,False,False,71.2
2025-01-31,513500,标普500ETF,2.196,2.1855,2.1665,3.49,0.242,True,False,71.2
2025-01-31,513180,恒生科技ETF,0.642,0.6127,0.6115,3.34,0.124,True,False,71.2
2025-01-31,510300,沪深300ETF,3.696,3.69,3.795,-2.7,-0.1488,False,False,71.2
2025-02-07,518880,黄金ETF,6.42,6.1537,5.9868,6.59,0.4384,True,False,50.7
2025-02-07,510880,红利ETF,2.911,2.9098,2.949,-1.31,-0.0792,False,False,50.7
2025-02-07,513500,标普500ETF,2.192,2.1891,2.177,2.5,0.1869,True,False,50.7
2025-02-07,513180,恒生科技ETF,0.708,0.6246,0.615,15.85,0.2557,True,True,50.7
2025-02-07,510300,沪深300ETF,3.777,3.6795,3.7872,0.62,0.0405,False,False,50.7
2025-02-14,518880,黄金ETF,6.605,6.2887,6.046,9.22,0.5885,True,False,42.7
2025-02-14,510880,红利ETF,2.925,2.9033,2.9485,0.72,0.0471,False,False,42.7
2025-02-14,513500,标普500ETF,2.173,2.1861,2.185,0.65,0.0592,False,False,42.7
2025-02-14,513180,恒生科技ETF,0.748,0.6564,0.6235,20.41,0.3148,True,True,42.7
2025-02-14,510300,沪深300ETF,3.823,3.7134,3.7705,1.33,0.089,False,False,42.7
2025-02-21,518880,黄金ETF,6.568,6.4046,6.1126,7.17,0.4117,True,False,26.1
2025-02-21,510880,红利ETF,2.857,2.9048,2.9468,-2.42,-0.1893,False,False,26.1
2025-02-21,513500,标普500ETF,2.154,2.1878,2.1905,-0.47,-0.0658,False,False,26.1
2025-02-21,513180,恒生科技ETF,0.796,0.6994,0.6379,25.79,0.36875,True,True,26.1
2025-02-21,510300,沪深300ETF,3.864,3.7573,3.7678,2.85,0.2448,False,False,26.1
2025-02-28,518880,黄金ETF,6.444,6.4974,6.1629,4.47,0.2439,False,False,45.8
2025-02-28,510880,红利ETF,2.867,2.8963,2.9445,-1.03,-0.0861,False,False,45.8
2025-02-28,513500,标普500ETF,2.032,2.1584,2.1847,-7.09,-0.6223,False,False,45.8
2025-02-28,513180,恒生科技ETF,0.765,0.7415,0.6552,19.79,0.4334,True,False,45.8
2025-02-28,510300,沪深300ETF,3.783,3.7911,3.7733,0.95,0.0664,False,False,45.8
2025-03-07,518880,黄金ETF,6.526,6.5412,6.2134,4.1,0.3265,False,False,42.5
2025-03-07,510880,红利ETF,2.854,2.8804,2.9378,-2.35,-0.3048,False,False,42.5
2025-03-07,513500,标普500ETF,2.001,2.1163,2.1707,-7.58,-0.5113,False,False,42.5
2025-03-07,513180,恒生科技ETF,0.825,0.772,0.6713,20.67,0.226,True,True,42.5
2025-03-07,510300,沪深300ETF,3.828,3.811,3.7733,1.11,0.0844,True,False,42.5
2025-03-14,518880,黄金ETF,6.673,6.5416,6.2648,4.27,0.3546,True,False,65.5
2025-03-14,510880,红利ETF,2.925,2.8731,2.9273,-0.58,-0.0625,False,False,65.5
2025-03-14,513500,标普500ETF,1.93,2.0592,2.1478,-10.3,-0.629,False,False,65.5
2025-03-14,513180,恒生科技ETF,0.808,0.7906,0.6869,12.51,0.2697,True,False,65.5
2025-03-14,510300,沪深300ETF,3.895,3.8197,3.7719,1.53,0.097,True,False,65.5
2025-03-21,518880,黄金ETF,6.774,6.5892,6.3301,6.13,0.6083,True,False,68.0
2025-03-21,510880,红利ETF,2.912,2.881,2.9183,-0.46,-0.055,False,False,68.0
2025-03-21,513500,标普500ETF,1.973,2.0045,2.1233,-7.2,-0.3624,False,False,68.0
2025-03-21,513180,恒生科技ETF,0.776,0.8001,0.7029,5.74,0.1264,False,False,68.0
2025-03-21,510300,沪深300ETF,3.799,3.8302,3.7757,-1.44,-0.0893,False,False,68.0
2025-03-28,518880,黄金ETF,6.938,6.6632,6.4053,9.38,0.9531,True,False,44.9
2025-03-28,510880,红利ETF,2.939,2.9036,2.9133,0.43,0.0592,False,False,44.9
2025-03-28,513500,标普500ETF,1.963,1.9818,2.1082,-4.99,-0.258,False,False,44.9
2025-03-28,513180,恒生科技ETF,0.757,0.7927,0.7152,5.44,0.1547,False,False,44.9
2025-03-28,510300,沪深300ETF,3.797,3.8255,3.774,-0.32,-0.0229,False,False,44.9
2025-04-04,518880,黄金ETF,7.094,6.7712,6.4796,11.01,1.0661,True,False,38.3
2025-04-04,510880,红利ETF,2.974,2.9238,2.907,1.31,0.1762,True,False,38.3
2025-04-04,513500,标普500ETF,1.897,1.9582,2.0909,-7.71,-0.3607,False,False,38.3
2025-04-04,513180,恒生科技ETF,0.733,0.7844,0.7233,-0.68,-0.0241,False,False,38.3
2025-04-04,510300,沪深300ETF,3.748,3.8207,3.7682,-2.02,-0.1553,False,False,38.3
2025-04-11,518880,黄金ETF,7.273,6.9,6.5666,12.0,0.6792,True,False,89.4
2025-04-11,510880,红利ETF,2.88,2.92,2.8984,-1.67,-0.0672,False,False,89.4
2025-04-11,513500,标普500ETF,1.841,1.9139,2.0573,-7.73,-0.1342,False,False,89.4
2025-04-11,513180,恒生科技ETF,0.683,0.7472,0.728,-3.59,-0.0713,False,False,89.4
2025-04-11,510300,沪深300ETF,3.629,3.7573,3.7595,-3.09,-0.1041,False,False,89.4
2025-04-18,518880,黄金ETF,7.583,7.0809,6.6807,13.83,0.7448,True,False,87.2
2025-04-18,510880,红利ETF,2.934,2.9207,2.9024,1.02,0.0407,True,False,87.2
2025-04-18,513500,标普500ETF,1.829,1.89,2.0311,-8.54,-0.1497,False,False,87.2
2025-04-18,513180,恒生科技ETF,0.669,0.7128,0.7347,-5.36,-0.1129,False,False,87.2
2025-04-18,510300,沪深300ETF,3.662,3.6976,3.7596,-2.53,-0.0911,False,False,87.2
2025-04-25,518880,黄金ETF,7.53,7.3,6.8077,11.68,0.3611,True,False,85.5
2025-04-25,510880,红利ETF,2.928,2.9166,2.905,0.2,0.008,True,False,85.5
2025-04-25,513500,标普500ETF,1.895,1.8511,2.0011,-5.87,-0.1,False,False,85.5
2025-04-25,513180,恒生科技ETF,0.693,0.6919,0.7397,-1.13,-0.0233,False,False,85.5
2025-04-25,510300,沪深300ETF,3.671,3.6623,3.7578,-1.88,-0.0693,False,False,85.5
2025-05-02,518880,黄金ETF,7.471,7.3724,6.8718,9.0,0.2778,True,False,84.1
2025-05-02,510880,红利ETF,2.895,2.9126,2.9042,-1.83,-0.0738,False,False,84.1
2025-05-02,513500,标普500ETF,1.9,1.8456,1.9858,-4.51,-0.0785,False,False,84.1
2025-05-02,513180,恒生科技ETF,0.698,0.6836,0.7428,-0.82,-0.0171,False,False,84.1
2025-05-02,510300,沪深300ETF,3.655,3.6442,3.7558,-1.96,-0.0725,False,False,84.1
2025-05-09,518880,黄金ETF,7.531,7.4947,6.9484,9.08,0.2923,True,False,3.4
2025-05-09,510880,红利ETF,2.927,2.9142,2.9044,1.46,0.1755,True,False,3.4
2025-05-09,513500,标普500ETF,1.942,1.8658,1.9684,1.79,0.044,False,False,3.4
2025-05-09,513180,恒生科技ETF,0.708,0.6882,0.7438,5.77,0.2083,False,False,3.4
2025-05-09,510300,沪深300ETF,3.734,3.6622,3.7545,3.1,0.3952,False,False,3.4
2025-05-16,518880,黄金ETF,7.177,7.5008,7.0056,1.2,0.036,False,False,9.4
2025-05-16,510880,红利ETF,2.963,2.9326,2.9085,1.46,0.1823,True,False,9.4
2025-05-16,513500,标普500ETF,2.012,1.9048,1.9532,2.48,0.06965,False,True,9.4
2025-05-16,513180,恒生科技ETF,0.717,0.7002,0.7429,0.97,0.037,False,False,9.4
2025-05-16,510300,沪深300ETF,3.778,3.707,3.7539,1.72,0.1964,False,False,9.4
2025-05-23,518880,黄金ETF,7.454,7.4217,7.0698,1.44,0.0468,True,False,14.7
2025-05-23,510880,红利ETF,2.98,2.9468,2.9177,2.23,0.2463,True,False,14.7
2025-05-23,513500,标普500ETF,1.986,1.9498,1.9399,2.85,0.1694,True,False,14.7
2025-05-23,513180,恒生科技ETF,0.707,0.711,0.7376,-1.59,-0.0653,False,False,14.7
2025-05-23,510300,沪深300ETF,3.777,3.74,3.7506,0.92,0.0958,False,False,14.7
2025-05-30,518880,黄金ETF,7.369,7.3838,7.1422,3.06,0.1389,False,False,19.5
2025-05-30,510880,红利ETF,2.979,2.9562,2.9264,2.33,0.2572,True,False,19.5
2025-05-30,513500,标普500ETF,2.004,1.9819,1.9343,2.04,0.1587,True,False,19.5
2025-05-30,513180,恒生科技ETF,0.699,0.7136,0.7305,-2.02,-0.0829,False,False,19.5
2025-05-30,510300,沪深300ETF,3.748,3.7595,3.745,0.9,0.0868,False,False,19.5
2025-06-06,518880,黄金ETF,7.481,7.364,7.2057,4.38,0.212,True,False,12.5
2025-06-06,510880,红利ETF,2.981,2.974,2.9352,2.66,0.3117,True,False,12.5
2025-06-06,513500,标普500ETF,2.024,2.0023,1.9345,2.43,0.1905,True,False,12.5
2025-06-06,513180,恒生科技ETF,0.716,0.7127,0.7244,-4.1,-0.1869,False,False,12.5
2025-06-06,510300,沪深300ETF,3.775,3.7723,3.7424,0.17,0.0179,True,False,12.5
2025-06-13,518880,黄金ETF,7.588,7.401,7.2806,8.12,0.5093,True,False,4.5
2025-06-13,510880,红利ETF,2.982,2.9816,2.9438,0.61,0.0827,True,False,4.5
2025-06-13,513500,标普500ETF,2.023,2.0166,1.9416,2.04,0.1873,True,False,4.5
2025-06-13,513180,恒生科技ETF,0.706,0.7136,0.7179,-5.11,-0.2212,False,False,4.5
2025-06-13,510300,沪深300ETF,3.769,3.7709,3.7384,-1.41,-0.1855,False,False,4.5
2025-06-20,518880,黄金ETF,7.436,7.4494,7.342,2.44,0.2143,False,False,3.4
2025-06-20,510880,红利ETF,2.997,2.9827,2.9495,0.79,0.1213,True,False,3.4
2025-06-20,513500,标普500ETF,2.027,2.0226,1.9483,1.82,0.1944,True,False,3.4
2025-06-20,513180,恒生科技ETF,0.691,0.7099,0.7091,-5.19,-0.2145,False,False,3.4
2025-06-20,510300,沪深300ETF,3.755,3.7652,3.7302,-1.09,-0.1452,False,False,3.4
2025-06-27,518880,黄金ETF,7.326,7.4514,7.3896,1.56,0.1301,False,False,21.3
2025-06-27,510880,红利ETF,3.011,2.9969,2.9554,1.6,0.2564,True,False,21.3
2025-06-27,513500,标普500ETF,2.091,2.0374,1.954,4.04,0.3725,True,False,21.3
2025-06-27,513180,恒生科技ETF,0.722,0.7131,0.705,-0.07,-0.0029,True,False,21.3
2025-06-27,510300,沪深300ETF,3.84,3.7856,3.7321,1.92,0.1938,True,False,21.3
2025-07-04,518880,黄金ETF,7.407,7.435,7.4211,2.04,0.1793,False,False,24.3
2025-07-04,510880,红利ETF,3.079,3.0119,2.9656,5.14,0.7497,True,False,24.3
2025-07-04,513500,标普500ETF,2.125,2.0601,1.9733,10.17,1.1148,True,False,24.3
2025-07-04,513180,恒生科技ETF,0.704,0.7145,0.7039,0.66,0.0295,False,False,24.3
2025-07-04,510300,沪深300ETF,3.909,3.815,3.7463,5.79,0.5787,True,False,24.3
2025-07-11,518880,黄金ETF,7.376,7.4098,7.4397,-1.28,-0.1203,False,False,15.7
2025-07-11,510880,红利ETF,3.107,3.04,2.9841,4.33,0.5626,True,False,15.7
2025-07-11,513500,标普500ETF,2.124,2.0812,1.9984,6.53,0.7791,True,False,15.7
2025-07-11,513180,恒生科技ETF,0.714,0.7108,0.7077,1.85,0.1028,True,False,15.7
2025-07-11,510300,沪深300ETF,3.956,3.8518,3.7742,5.35,0.5665,True,False,15.7
2025-07-18,518880,黄金ETF,7.403,7.3904,7.4293,-1.4,-0.1306,False,False,15.8
2025-07-18,510880,红利ETF,3.083,3.0649,2.9973,2.91,0.3057,True,False,15.8
2025-07-18,513500,标普500ETF,2.143,2.1044,2.0226,8.64,0.8666,True,False,15.8
2025-07-18,513180,恒生科技ETF,0.745,0.7178,0.7124,7.84,0.4892,True,False,15.8
2025-07-18,510300,沪深300ETF,4.009,3.9018,3.8005,6.47,0.7079,True,False,15.8
2025-07-25,518880,黄金ETF,7.409,7.4075,7.4167,0.36,0.0314,False,False,4.7
2025-07-25,510880,红利ETF,3.15,3.0962,3.0154,4.98,0.4659,True,False,4.7
2025-07-25,513500,标普500ETF,2.164,2.1256,2.0465,6.09,0.7572,True,False,4.7
2025-07-25,513180,恒生科技ETF,0.766,0.7298,0.7187,6.82,0.4081,True,False,4.7
2025-07-25,510300,沪深300ETF,4.08,3.9622,3.8343,6.88,0.9527,True,False,4.7
2025-08-01,518880,黄金ETF,7.352,7.4012,7.4,-1.34,-0.1281,False,False,31.5
2025-08-01,510880,红利ETF,3.065,3.1085,3.0314,0.83,0.0663,False,False,31.5
2025-08-01,513500,标普500ETF,2.172,2.1443,2.0689,4.77,0.464,True,False,31.5
2025-08-01,513180,恒生科技ETF,0.74,0.7392,0.7222,2.8,0.1528,True,False,31.5
2025-08-01,510300,沪深300ETF,4.01,4.0102,3.8658,3.12,0.2892,False,False,31.5
2025-08-08,518880,黄金ETF,7.508,7.4285,7.4131,3.21,0.3284,True,False,32.2
2025-08-08,510880,红利ETF,3.135,3.112,3.0445,2.46,0.1971,True,False,32.2
2025-08-08,513500,标普500ETF,2.174,2.1572,2.085,3.82,0.2971,True,False,32.2
2025-08-08,513180,恒生科技ETF,0.738,0.7482,0.7242,2.33,0.1299,False,False,32.2
2025-08-08,510300,沪深300ETF,4.06,4.0429,3.8885,3.62,0.344,True,False,32.2
2025-08-15,518880,黄金ETF,7.401,7.428,7.4226,-0.5,-0.0491,False,False,33.8
2025-08-15,510880,红利ETF,3.088,3.117,3.0548,0.58,0.0484,False,False,33.8
2025-08-15,513500,标普500ETF,2.217,2.176,2.101,5.56,0.471,True,False,33.8
2025-08-15,513180,恒生科技ETF,0.754,0.7525,0.7267,2.81,0.1464,True,False,33.8
2025-08-15,510300,沪深300ETF,4.172,4.0821,3.9164,5.47,0.5053,True,False,33.8
2025-08-22,518880,黄金ETF,7.378,7.4104,7.4231,0.05,0.007,False,False,53.3
2025-08-22,510880,红利ETF,3.11,3.1042,3.0658,0.97,0.094,True,False,53.3
2025-08-22,513500,标普500ETF,2.17,2.1861,2.1163,1.75,0.1411,False,False,53.3
2025-08-22,513180,恒生科技ETF,0.761,0.7503,0.7311,1.74,0.0963,True,False,53.3
2025-08-22,510300,沪深300ETF,4.356,4.1255,3.9578,9.07,0.671,True,False,53.3
2025-08-29,518880,黄金ETF,7.486,7.4329,7.423,1.22,0.167,True,False,64.2
2025-08-29,510880,红利ETF,3.046,3.1014,3.074,-0.07,-0.0069,False,False,64.2
2025-08-29,513500,标普500ETF,2.195,2.1892,2.1312,3.29,0.2783,True,False,64.2
2025-08-29,513180,恒生科技ETF,0.773,0.7572,0.737,4.93,0.2128,True,False,64.2
2025-08-29,510300,沪深300ETF,4.478,4.2142,4.0131,11.98,0.8063,True,False,64.2
2025-09-05,518880,黄金ETF,7.775,7.4954,7.4446,3.29,0.3147,True,False,81.2
2025-09-05,510880,红利ETF,3.019,3.0786,3.0769,-1.66,-0.163,False,False,81.2
2025-09-05,513500,标普500ETF,2.204,2.1934,2.1439,3.46,0.3636,True,False,81.2
2025-09-05,513180,恒生科技ETF,0.771,0.7634,0.7408,4.95,0.1915,True,False,81.2
2025-09-05,510300,沪深300ETF,4.431,4.3072,4.0673,9.63,0.493,True,False,81.2
2025-09-12,518880,黄金ETF,7.954,7.6239,7.4808,6.29,0.6009,True,False,82.9
2025-09-12,510880,红利ETF,3.016,3.0575,3.0798,-1.0,-0.1038,False,False,82.9
2025-09-12,513500,标普500ETF,2.222,2.1949,2.1584,3.16,0.359,True,False,82.9
2025-09-12,513180,恒生科技ETF,0.809,0.775,0.7484,9.76,0.3959,True,False,82.9
2025-09-12,510300,沪深300ETF,4.498,4.3901,4.1247,10.15,0.4627,True,False,82.9
2025-09-19,518880,黄金ETF,7.898,7.7607,7.5262,5.73,0.4448,True,False,79.5
2025-09-19,510880,红利ETF,2.97,3.0298,3.0767,-2.96,-0.2662,False,False,79.5
2025-09-19,513500,标普500ETF,2.252,2.2075,2.173,4.47,0.5553,True,False,79.5
2025-09-19,513180,恒生科技ETF,0.846,0.7952,0.7584,11.65,0.2151,True,True,79.5
2025-09-19,510300,沪深300ETF,4.481,4.4524,4.1801,6.37,0.3065,True,False,79.5
2025-09-26,518880,黄金ETF,8.16,7.9311,7.5884,8.22,0.5627,True,False,74.5
2025-09-26,510880,红利ETF,2.955,2.9978,3.0693,-2.8,-0.2792,False,False,74.5
2025-09-26,513500,标普500ETF,2.265,2.2268,2.1868,3.69,0.5148,True,False,74.5
2025-09-26,513180,恒生科技ETF,0.851,0.8132,0.7699,11.43,0.4559,True,False,74.5
2025-09-26,510300,沪深300ETF,4.528,4.4779,4.2341,5.52,0.3077,True,False,74.5
2025-10-03,518880,黄金ETF,8.339,7.9951,7.6191,8.66,0.6352,True,False,76.6
2025-10-03,510880,红利ETF,2.939,2.9888,3.0644,-3.29,-0.3411,False,False,76.6
2025-10-03,513500,标普500ETF,2.284,2.2365,2.1922,4.49,0.6391,True,False,76.6
2025-10-03,513180,恒生科技ETF,0.876,0.8219,0.7751,14.15,0.2818,True,True,76.6
2025-10-03,510300,沪深300ETF,4.618,4.491,4.2575,7.52,0.4029,True,False,76.6
2025-10-10,518880,黄金ETF,8.602,8.0858,7.6632,11.63,0.5457,True,False,71.5
2025-10-10,510880,红利ETF,2.993,2.9845,3.0598,-1.62,-0.1601,False,False,71.5
2025-10-10,513500,标普500ETF,2.329,2.2507,2.1991,6.66,0.8117,True,False,71.5
2025-10-10,513180,恒生科技ETF,0.849,0.8321,0.7803,11.98,0.455,True,False,71.5
2025-10-10,510300,沪深300ETF,4.596,4.5175,4.2813,8.12,0.4315,True,False,71.5
2025-10-17,518880,黄金ETF,9.568,8.4046,7.8096,21.43,0.8589,True,False,70.8
2025-10-17,510880,红利ETF,3.086,2.9932,3.057,1.69,0.1277,False,False,70.8
2025-10-17,513500,标普500ETF,2.263,2.2697,2.2122,2.49,0.1954,False,False,70.8
2025-10-17,513180,恒生科技ETF,0.785,0.8379,0.7874,-0.66,-0.0204,False,False,70.8
2025-10-17,510300,沪深300ETF,4.501,4.5452,4.331,3.13,0.1788,False,False,70.8
2025-10-24,518880,黄金ETF,8.95,8.7076,7.9514,11.79,0.3489,True,False,73.1
2025-10-24,510880,红利ETF,3.116,3.0239,3.0556,2.5,0.2189,False,False,73.1
2025-10-24,513500,标普500ETF,2.36,2.297,2.2287,6.4,0.4156,True,False,73.1
2025-10-24,513180,恒生科技ETF,0.818,0.8332,0.7916,0.92,0.0294,False,False,73.1
2025-10-24,510300,沪深300ETF,4.647,4.5657,4.3745,6.6,0.3729,True,False,73.1
2025-10-31,518880,黄金ETF,8.794,8.8714,8.065,9.52,0.26,False,False,79.7
2025-10-31,510880,红利ETF,3.097,3.062,3.0556,2.58,0.2357,True,False,79.7
2025-10-31,513500,标普500ETF,2.454,2.3406,2.2507,8.28,0.4623,True,False,79.7
2025-10-31,513180,恒生科技ETF,0.802,0.826,0.797,-1.56,-0.0495,False,False,79.7
2025-10-31,510300,沪深300ETF,4.633,4.609,4.425,5.08,0.2596,True,False,79.7
2025-11-07,518880,黄金ETF,8.793,8.9563,8.1747,6.36,0.1968,False,False,66.2
2025-11-07,510880,红利ETF,3.188,3.1152,3.0614,4.34,0.3932,True,False,66.2
2025-11-07,513500,标普500ETF,2.384,2.3694,2.2707,3.51,0.1688,True,False,66.2
2025-11-07,513180,恒生科技ETF,0.79,0.809,0.8009,-2.17,-0.0725,False,False,66.2
2025-11-07,510300,沪深300ETF,4.672,4.6176,4.4746,5.43,0.3257,True,False,66.2
2025-11-14,518880,黄金ETF,9.096,8.9295,8.3101,4.98,0.1808,True,False,59.5
2025-11-14,510880,红利ETF,3.205,3.1528,3.069,3.11,0.3569,True,False,59.5
2025-11-14,513500,标普500ETF,2.448,2.4123,2.2922,7.96,0.3885,True,False,59.5
2025-11-14,513180,恒生科技ETF,0.786,0.8061,0.8054,1.28,0.0494,False,False,59.5
2025-11-14,510300,沪深300ETF,4.618,4.6426,4.5205,4.59,0.3035,False,False,59.5
2025-11-21,518880,黄金ETF,8.828,8.8566,8.4329,4.55,0.2074,False,False,60.0
2025-11-21,510880,红利ETF,3.112,3.1616,3.0741,-0.65,-0.0588,False,False,60.0
2025-11-21,513500,标普500ETF,2.355,2.4259,2.3088,1.5,0.0607,False,False,60.0
2025-11-21,513180,恒生科技ETF,0.733,0.7918,0.8053,-7.07,-0.3067,False,False,60.0
2025-11-21,510300,沪深300ETF,4.441,4.6327,4.5482,-1.67,-0.104,False,False,60.0
2025-11-28,518880,黄金ETF,9.067,8.9192,8.5626,8.52,0.4752,True,False,49.5
2025-11-28,510880,红利ETF,3.087,3.1556,3.0733,-0.08,-0.0069,False,False,49.5
2025-11-28,513500,标普500ETF,2.463,2.4212,2.3284,4.78,0.1983,True,False,49.5
2025-11-28,513180,恒生科技ETF,0.753,0.7746,0.8033,-3.06,-0.1429,False,False,49.5
2025-11-28,510300,沪深300ETF,4.512,4.5811,4.5552,-0.47,-0.0329,False,False,49.5
2025-12-05,518880,黄金ETF,9.136,9.0083,8.6834,7.47,0.4101,True,False,48.6
2025-12-05,510880,红利ETF,3.083,3.1362,3.0786,-1.14,-0.1183,False,False,48.6
2025-12-05,513500,标普500ETF,2.451,2.4336,2.3512,4.9,0.2281,True,False,48.6
2025-12-05,513180,恒生科技ETF,0.762,0.7645,0.8019,-1.17,-0.0575,False,False,48.6
2025-12-05,510300,沪深300ETF,4.575,4.5574,4.5642,0.92,0.0648,False,False,48.6
2025-12-12,518880,黄金ETF,9.227,9.0228,8.7856,5.86,0.3589,True,False,39.5
2025-12-12,510880,红利ETF,2.999,3.0908,3.0789,-4.08,-0.4577,False,False,39.5
2025-12-12,513500,标普500ETF,2.453,2.4305,2.3708,3.42,0.1721,True,False,39.5
2025-12-12,513180,恒生科技ETF,0.754,0.7525,0.7988,-4.04,-0.2135,False,False,39.5
2025-12-12,510300,沪深300ETF,4.571,4.5382,4.5753,-0.3,-0.023,False,False,39.5
2025-12-19,518880,黄金ETF,9.313,9.1322,8.8988,8.47,0.717,True,False,32.8
2025-12-19,510880,红利ETF,3.031,3.0574,3.0809,-0.3,-0.0338,False,False,32.8
2025-12-19,513500,标普500ETF,2.451,2.4405,2.3878,4.83,0.3685,True,False,32.8
2025-12-19,513180,恒生科技ETF,0.733,0.746,0.7904,-4.5,-0.2178,False,False,32.8
2025-12-19,510300,沪深300ETF,4.565,4.5388,4.5791,2.0,0.1697,False,False,32.8
2025-12-26,518880,黄金ETF,9.65,9.2848,9.0252,9.48,0.6902,True,False,28.6
2025-12-26,510880,红利ETF,3.044,3.0418,3.0865,0.3,0.0356,False,False,28.6
2025-12-26,513500,标普500ETF,2.461,2.4474,2.4031,2.57,0.277,True,False,28.6
2025-12-26,513180,恒生科技ETF,0.738,0.7418,0.7808,-5.26,-0.2709,False,False,28.6
2025-12-26,510300,沪深300ETF,4.661,4.5758,4.5886,2.66,0.2288,False,False,28.6
2026-01-02,518880,黄金ETF,9.301,9.3277,9.083,3.88,0.2372,False,False,28.4
2026-01-02,510880,红利ETF,3.04,3.0328,3.0912,0.21,0.0258,False,False,28.4
2026-01-02,513500,标普500ETF,2.432,2.4439,2.4113,1.01,0.1068,False,False,28.4
2026-01-02,513180,恒生科技ETF,0.732,0.7396,0.7745,-5.7,-0.2874,False,False,28.4
2026-01-02,510300,沪深300ETF,4.63,4.5904,4.5914,1.25,0.1136,False,False,28.4
2026-01-09,518880,黄金ETF,9.592,9.4398,9.1386,4.68,0.2648,True,False,45.6
2026-01-09,510880,红利ETF,3.091,3.0362,3.0961,1.64,0.189,False,False,45.6
2026-01-09,513500,标普500ETF,2.46,2.4488,2.4249,2.82,0.2949,True,False,45.6
2026-01-09,513180,恒生科技ETF,0.755,0.741,0.7682,-1.35,-0.0552,False,False,45.6
2026-01-09,510300,沪深300ETF,4.762,4.6361,4.6054,3.74,0.2719,True,False,45.6
2026-01-16,518880,黄金ETF,9.857,9.5887,9.181,5.98,0.3375,True,False,29.6
2026-01-16,510880,红利ETF,3.02,3.0492,3.0925,-0.99,-0.1154,False,False,29.6
2026-01-16,513500,标普500ETF,2.455,2.453,2.437,1.74,0.2217,True,False,29.6
2026-01-16,513180,恒生科技ETF,0.768,0.7498,0.7655,1.64,0.0721,False,False,29.6
2026-01-16,510300,沪深300ETF,4.736,4.6892,4.6223,2.72,0.2352,True,False,29.6
2026-01-23,518880,黄金ETF,10.617,9.7888,9.3023,13.24,0.6341,True,False,29.7
2026-01-23,510880,红利ETF,3.069,3.059,3.0876,0.74,0.0786,False,False,29.7
2026-01-23,513500,标普500ETF,2.434,2.4509,2.44,-1.01,-0.1093,False,False,29.7
2026-01-23,513180,恒生科技ETF,0.763,0.7564,0.76,-0.54,-0.0242,False,False,29.7
2026-01-23,510300,沪深300ETF,4.704,4.7219,4.6268,0.4,0.0361,False,False,29.7
2026-01-30,518880,黄金ETF,11.009,10.2192,9.5075,17.86,0.4462,True,False,17.6
2026-01-30,510880,红利ETF,3.144,3.0804,3.0865,1.87,0.1457,False,False,17.6
2026-01-30,513500,标普500ETF,2.439,2.4457,2.4387,0.83,0.0828,False,False,17.6
2026-01-30,513180,恒生科技ETF,0.752,0.7626,0.7568,-0.11,-0.0046,False,False,17.6
2026-01-30,510300,沪深300ETF,4.711,4.742,4.634,1.55,0.1285,False,False,17.6
2026-02-06,518880,黄金ETF,10.357,10.4384,9.6326,7.22,0.1178,False,False,40.4
2026-02-06,510880,红利ETF,3.126,3.0873,3.0783,-0.4,-0.0196,True,False,40.4
2026-02-06,513500,标普500ETF,2.326,2.4202,2.434,-5.32,-0.3577,False,False,40.4
2026-02-06,513180,恒生科技ETF,0.701,0.7506,0.7497,-8.71,-0.3905,False,False,40.4
2026-02-06,510300,沪深300ETF,4.649,4.7171,4.6336,-1.4,-0.1084,False,False,40.4
2026-02-13,518880,黄金ETF,10.575,10.6496,9.7752,9.49,0.1522,False,False,57.2
2026-02-13,510880,红利ETF,3.137,3.1125,3.0765,1.82,0.0884,True,False,57.2
2026-02-13,513500,标普500ETF,2.382,2.4038,2.4306,-0.71,-0.04,False,False,57.2
2026-02-13,513180,恒生科技ETF,0.708,0.7354,0.7442,-5.61,-0.2701,False,False,57.2
2026-02-13,510300,沪深300ETF,4.671,4.7065,4.6429,0.04,0.0027,False,False,57.2
2026-02-20,518880,黄金ETF,10.575,10.6496,9.7752,9.49,0.1522,False,False,57.2
2026-02-20,510880,红利ETF,3.137,3.1125,3.0765,1.82,0.0884,True,False,57.2
2026-02-20,513500,标普500ETF,2.382,2.4038,2.4306,-0.71,-0.04,False,False,57.2
2026-02-20,513180,恒生科技ETF,0.708,0.7354,0.7442,-5.61,-0.2701,False,False,57.2
2026-02-20,510300,沪深300ETF,4.671,4.7065,4.6429,0.04,0.0027,False,False,57.2
2026-02-27,518880,黄金ETF,10.933,10.797,9.9111,9.66,0.1543,True,False,65.2
2026-02-27,510880,红利ETF,3.232,3.1409,3.0824,4.12,0.1966,True,False,65.2
2026-02-27,513500,标普500ETF,2.387,2.3928,2.4302,-1.69,-0.0999,False,False,65.2
2026-02-27,513180,恒生科技ETF,0.67,0.7195,0.7397,-10.11,-0.435,False,False,65.2
2026-02-27,510300,沪深300ETF,4.725,4.7068,4.6599,1.65,0.108,True,False,65.2
2026-03-06,518880,黄金ETF,10.873,10.7888,10.08,1.36,0.0228,True,False,70.8
2026-03-06,510880,红利ETF,3.285,3.1907,3.1005,3.94,0.1714,True,False,70.8
2026-03-06,513500,标普500ETF,2.35,2.3751,2.4221,-3.2,-0.1812,False,False,70.8
2026-03-06,513180,恒生科技ETF,0.643,0.6879,0.7299,-13.07,-0.5026,False,False,70.8
2026-03-06,510300,沪深300ETF,4.667,4.6932,4.672,-0.49,-0.0293,False,False,70.8
2026-03-13,518880,黄金ETF,10.802,10.8792,10.2314,7.02,0.2475,False,False,46.3
2026-03-13,510880,红利ETF,3.364,3.2462,3.1216,7.3,0.3994,True,False,46.3
2026-03-13,513500,标普500ETF,2.286,2.3552,2.41,-3.94,-0.2334,False,False,46.3
2026-03-13,513180,恒生科技ETF,0.646,0.6693,0.7211,-8.28,-0.336,False,False,46.3
2026-03-13,510300,沪深300ETF,4.677,4.6949,4.6815,0.62,0.0459,False,False,46.3
2026-03-20,518880,黄金ETF,9.896,10.8145,10.3299,-3.39,-0.1114,False,False,37.1
2026-03-20,510880,红利ETF,3.296,3.2838,3.1463,4.41,0.2314,True,False,37.1
2026-03-20,513500,标普500ETF,2.244,2.3282,2.3959,-5.58,-0.4336,False,False,37.1
2026-03-20,513180,恒生科技ETF,0.63,0.655,0.7138,-9.83,-0.3527,False,False,37.1
2026-03-20,510300,沪深300ETF,4.576,4.6751,4.6886,-1.5,-0.1155,False,False,37.1
2026-03-27,518880,黄金ETF,9.494,10.4392,10.3254,-7.84,-0.1621,False,False,78.0
2026-03-27,510880,红利ETF,3.267,3.3011,3.1662,2.85,0.1507,False,False,78.0
2026-03-27,513500,标普500ETF,2.209,2.2812,2.3753,-6.96,-0.3261,False,False,78.0
2026-03-27,513180,恒生科技ETF,0.622,0.6394,0.7046,-8.34,-0.2665,False,False,78.0
2026-03-27,510300,沪深300ETF,4.508,4.6177,4.681,-3.3,-0.1835,False,False,78.0
2026-04-03,518880,黄金ETF,9.828,10.1118,10.3448,-2.61,-0.0541,False,False,77.2
2026-04-03,510880,红利ETF,3.216,3.2868,3.1842,0.32,0.0198,False,False,77.2
2026-04-03,513500,标普500ETF,2.206,2.2418,2.3541,-5.96,-0.2366,False,False,77.2
2026-04-03,513180,恒生科技ETF,0.6,0.6318,0.6938,-9.79,-0.3291,False,False,77.2
2026-04-03,510300,沪深300ETF,4.454,4.5723,4.6678,-3.79,-0.2107,False,False,77.2
2026-04-10,518880,黄金ETF,9.972,9.9165,10.3771,-2.5,-0.05,False,False,88.3
2026-04-10,510880,红利ETF,3.218,3.2675,3.195,-1.4,-0.1148,False,False,88.3
2026-04-10,513500,标普500ETF,2.294,2.2333,2.3413,-1.8,-0.0645,False,False,88.3
2026-04-10,513180,恒生科技ETF,0.624,0.6262,0.6847,-6.53,-0.19,False,False,88.3
2026-04-10,510300,沪深300ETF,4.642,4.5496,4.6568,-0.73,-0.0325,False,False,88.3
2026-04-17,518880,黄金ETF,10.029,9.781,10.4026,-0.04,-0.0008,False,False,87.4
2026-04-17,510880,红利ETF,3.218,3.2444,3.2074,0.27,0.0222,False,False,87.4
2026-04-17,513500,标普500ETF,2.361,2.2466,2.3308,1.73,0.0309,False,True,87.4
2026-04-17,513180,恒生科技ETF,0.644,0.6204,0.6736,-4.93,-0.1431,False,False,87.4
2026-04-17,510300,沪深300ETF,4.739,4.5635,4.6524,1.91,0.0851,False,False,87.4
2026-04-24,518880,黄金ETF,9.826,9.9085,10.3957,-0.01,-0.0004,False,False,71.6
2026-04-24,510880,红利ETF,3.28,3.2448,3.2258,2.76,0.2562,True,False,71.6
2026-04-24,513500,标普500ETF,2.366,2.2878,2.3248,2.6,0.1204,False,False,71.6
2026-04-24,513180,恒生科技ETF,0.628,0.6243,0.6634,-4.93,-0.171,False,False,71.6
2026-04-24,510300,沪深300ETF,4.782,4.6344,4.6566,3.79,0.2206,False,False,71.6
2026-05-01,518880,黄金ETF,9.678,9.912,10.3312,-5.62,-0.2874,False,False,64.4
2026-05-01,510880,红利ETF,3.341,3.2564,3.2417,4.37,0.426,True,False,64.4
2026-05-01,513500,标普500ETF,2.419,2.3297,2.323,4.4,0.2642,True,False,64.4
2026-05-01,513180,恒生科技ETF,0.627,0.6272,0.6546,-4.26,-0.1558,False,False,64.4
2026-05-01,510300,沪深300ETF,4.824,4.694,4.6624,4.02,0.2461,True,False,64.4
2026-05-08,518880,黄金ETF,9.88,9.9209,10.2543,-2.55,-0.1451,False,False,22.5
2026-05-08,510880,红利ETF,3.261,3.265,3.2489,1.24,0.1043,False,False,22.5
2026-05-08,513500,标普500ETF,2.483,2.3697,2.325,7.43,0.477,True,False,22.5
2026-05-08,513180,恒生科技ETF,0.653,0.6342,0.6488,1.32,0.048,False,False,22.5
2026-05-08,510300,沪深300ETF,4.886,4.7589,4.6704,6.55,0.4215,True,False,22.5
2026-05-15,518880,黄金ETF,9.554,9.8611,10.1986,-5.27,-0.3599,False,False,41.7
2026-05-15,510880,红利ETF,3.223,3.2703,3.2606,0.7,0.0578,False,False,41.7
2026-05-15,513500,标普500ETF,2.48,2.4183,2.3353,5.57,0.6147,True,False,41.7
2026-05-15,513180,恒生科技ETF,0.629,0.639,0.6431,-3.33,-0.1404,False,False,41.7
2026-05-15,510300,沪深300ETF,4.878,4.8381,4.6948,3.21,0.2431,True,False,41.7
2026-05-22,518880,黄金ETF,9.461,9.7146,10.0963,-6.1,-0.393,False,False,49.1
2026-05-22,510880,红利ETF,3.156,3.2598,3.2636,-1.9,-0.164,False,False,49.1
2026-05-22,513500,标普500ETF,2.485,2.4412,2.3404,3.76,0.3269,True,False,49.1
2026-05-22,513180,恒生科技ETF,0.618,0.6322,0.6352,-6.48,-0.2826,False,False,49.1
2026-05-22,510300,沪深300ETF,4.862,4.8652,4.7062,2.06,0.1451,False,False,49.1
2026-05-29,518880,黄金ETF,9.397,9.5887,9.9574,-7.16,-0.3601,False,False,59.5
2026-05-29,510880,红利ETF,3.206,3.2336,3.2603,-2.35,-0.211,False,False,59.5
2026-05-29,513500,标普500ETF,2.557,2.481,2.3537,6.23,0.4208,True,False,59.5
2026-05-29,513180,恒生科技ETF,0.62,0.6302,0.631,-1.49,-0.0668,False,False,59.5
2026-05-29,510300,沪深300ETF,4.923,4.9027,4.7234,3.02,0.1977,True,False,59.5
2026-06-05,518880,黄金ETF,9.252,9.4728,9.818,-7.95,-0.419,False,False,66.7
2026-06-05,510880,红利ETF,3.321,3.2348,3.2608,1.75,0.1234,False,False,66.7
2026-06-05,513500,标普500ETF,2.568,2.5172,2.3748,5.38,0.3037,True,False,66.7
2026-06-05,513180,恒生科技ETF,0.621,0.6289,0.631,-3.26,-0.1279,False,False,66.7
2026-06-05,510300,沪深300ETF,4.843,4.9131,4.745,0.62,0.0366,False,False,66.7
2026-06-12,518880,黄金ETF,8.659,9.2291,9.6434,-11.61,-0.4642,False,False,80.3
2026-06-12,510880,红利ETF,3.303,3.2452,3.2568,0.84,0.0553,False,False,80.3
2026-06-12,513500,标普500ETF,2.515,2.5256,2.3929,3.4,0.1631,False,False,80.3
2026-06-12,513180,恒生科技ETF,0.595,0.6179,0.6266,-6.7,-0.2422,False,False,80.3
2026-06-12,510300,沪深300ETF,4.818,4.8707,4.7529,0.17,0.0093,False,False,80.3
2026-06-19,518880,黄金ETF,8.908,9.124,9.5514,-4.92,-0.1792,False,False,83.3
2026-06-19,510880,红利ETF,3.098,3.2391,3.2484,-3.96,-0.2131,False,False,83.3
2026-06-19,513500,标普500ETF,2.564,2.5525,2.4134,7.09,0.3313,True,False,83.3
2026-06-19,513180,恒生科技ETF,0.58,0.6127,0.6226,-4.99,-0.1789,False,False,83.3
2026-06-19,510300,沪深300ETF,4.984,4.8892,4.7744,5.49,0.2849,True,False,83.3
2026-06-26,518880,黄金ETF,8.39,8.901,9.4784,-8.71,-0.2955,False,False,91.4
2026-06-26,510880,红利ETF,2.954,3.2076,3.2308,-7.21,-0.3504,False,False,91.4
2026-06-26,513500,标普500ETF,2.482,2.551,2.4403,2.24,0.1045,False,False,91.4
2026-06-26,513180,恒生科技ETF,0.542,0.5982,0.6177,-11.32,-0.3605,False,False,91.4
2026-06-26,510300,沪深300ETF,4.907,4.9052,4.8161,2.09,0.083,True,False,91.4
2026-07-03,518880,黄金ETF,8.672,8.6772,9.3667,-6.18,-0.203,False,False,91.3
2026-07-03,510880,红利ETF,3.024,3.1274,3.2075,-5.87,-0.31,False,False,91.3
2026-07-03,513500,标普500ETF,2.503,2.5248,2.4646,2.98,0.1661,False,False,91.3
2026-07-03,513180,恒生科技ETF,0.57,0.581,0.6144,-5.3,-0.1729,False,False,91.3
2026-07-03,510300,沪深300ETF,4.876,4.9095,4.8538,2.21,0.0815,False,False,91.3
2026-07-10,518880,黄金ETF,8.541,8.5997,9.2525,-4.28,-0.1736,False,False,91.2
2026-07-10,510880,红利ETF,3.045,3.0704,3.194,-4.82,-0.2152,False,False,91.2
2026-07-10,513500,标普500ETF,2.527,2.5216,2.4852,4.01,0.2633,True,False,91.2
2026-07-10,513180,恒生科技ETF,0.606,0.5776,0.612,2.03,0.0622,False,False,91.2
2026-07-10,510300,沪深300ETF,4.829,4.9246,4.876,1.77,0.0663,False,False,91.2
