date,code,name,close,ma20,momentum,trend_up,selected
2023-06-02,518880,黄金ETF,4.375,4.3535,-0.91,True,False
2023-06-02,510880,红利ETF,2.568,2.6513,-6.35,False,False
2023-06-02,513500,标普500ETF,1.412,1.3763,6.49,True,True
2023-06-02,513180,恒生科技ETF,0.514,0.5063,0.78,True,True
2023-06-02,510300,沪深300ETF,3.583,3.638,-3.92,False,False
2023-06-09,518880,黄金ETF,4.375,4.3463,0.23,True,False
2023-06-09,510880,红利ETF,2.625,2.6141,-3.03,True,False
2023-06-09,513500,标普500ETF,1.441,1.3986,6.5,True,True
2023-06-09,513180,恒生科技ETF,0.531,0.5105,4.12,True,True
2023-06-09,510300,沪深300ETF,3.564,3.5953,-2.41,False,False
2023-06-16,518880,黄金ETF,4.359,4.3482,0.67,True,False
2023-06-16,510880,红利ETF,2.573,2.5895,-2.98,False,False
2023-06-16,513500,标普500ETF,1.484,1.425,6.46,True,True
2023-06-16,513180,恒生科技ETF,0.569,0.5188,11.13,True,True
2023-06-16,510300,沪深300ETF,3.699,3.5806,0.96,True,False
2023-06-23,518880,黄金ETF,4.356,4.3515,0.09,True,False
2023-06-23,510880,红利ETF,2.492,2.5759,-2.73,False,False
2023-06-23,513500,标普500ETF,1.487,1.4398,7.68,True,True
2023-06-23,513180,恒生科技ETF,0.538,0.5241,6.32,True,True
2023-06-23,510300,沪深300ETF,3.607,3.5832,0.92,True,False
2023-06-30,518880,黄金ETF,4.349,4.3569,-0.37,False,False
2023-06-30,510880,红利ETF,2.522,2.5558,-1.94,False,False
2023-06-30,513500,标普500ETF,1.503,1.4629,7.2,True,True
2023-06-30,513180,恒生科技ETF,0.535,0.5353,10.54,False,False
2023-06-30,510300,沪深300ETF,3.602,3.5912,2.27,True,True
2023-07-07,518880,黄金ETF,4.359,4.3585,-0.09,True,True
2023-07-07,510880,红利ETF,2.543,2.545,-2.45,False,False
2023-07-07,513500,标普500ETF,1.502,1.485,4.31,True,True
2023-07-07,513180,恒生科技ETF,0.535,0.5437,1.71,False,False
2023-07-07,510300,沪深300ETF,3.588,3.6109,2.05,False,False
2023-07-14,518880,黄金ETF,4.388,4.362,0.57,True,False
2023-07-14,510880,红利ETF,2.576,2.5324,0.27,True,False
2023-07-14,513500,标普500ETF,1.513,1.4976,2.51,True,True
2023-07-14,513180,恒生科技ETF,0.569,0.5485,4.21,True,True
2023-07-14,510300,沪深300ETF,3.672,3.6268,2.09,True,False
2023-07-21,518880,黄金ETF,4.453,4.3839,2.23,True,False
2023-07-21,510880,红利ETF,2.562,2.5382,2.81,True,False
2023-07-21,513500,标普500ETF,1.536,1.5108,3.3,True,True
2023-07-21,513180,恒生科技ETF,0.554,0.5488,2.97,True,True
2023-07-21,510300,沪深300ETF,3.61,3.6186,0.08,False,False
2023-07-28,518880,黄金ETF,4.404,4.405,1.26,False,False
2023-07-28,510880,红利ETF,2.67,2.566,5.87,True,True
2023-07-28,513500,标普500ETF,1.534,1.5235,2.06,True,False
2023-07-28,513180,恒生科技ETF,0.604,0.5582,12.9,True,True
2023-07-28,510300,沪深300ETF,3.788,3.6458,5.16,True,False
2023-08-04,518880,黄金ETF,4.401,4.4178,0.96,False,False
2023-08-04,510880,红利ETF,2.66,2.6,4.6,True,False
2023-08-04,513500,标普500ETF,1.526,1.5288,1.6,False,False
2023-08-04,513180,恒生科技ETF,0.608,0.5738,13.64,True,True
2023-08-04,510300,沪深300ETF,3.814,3.6878,6.3,True,True
2023-08-11,518880,黄金ETF,4.415,4.4245,0.62,False,False
2023-08-11,510880,红利ETF,2.596,2.6172,0.78,False,False
2023-08-11,513500,标普500ETF,1.522,1.5335,0.59,False,False
2023-08-11,513180,恒生科技ETF,0.583,0.5841,2.46,False,False
2023-08-11,510300,沪深300ETF,3.67,3.7155,-0.05,False,False
2023-08-18,518880,黄金ETF,4.421,4.42,-0.72,True,True
2023-08-18,510880,红利ETF,2.613,2.629,1.99,False,False
2023-08-18,513500,标普500ETF,1.497,1.5297,-2.54,False,False
2023-08-18,513180,恒生科技ETF,0.556,0.5875,0.36,False,False
2023-08-18,510300,沪深300ETF,3.572,3.713,-1.05,False,False
2023-08-25,518880,黄金ETF,4.448,4.424,1.0,True,True
2023-08-25,510880,红利ETF,2.599,2.6262,-2.66,False,False
2023-08-25,513500,标普500ETF,1.501,1.5225,-2.15,False,False
2023-08-25,513180,恒生科技ETF,0.561,0.5828,-7.12,False,False
2023-08-25,510300,沪深300ETF,3.504,3.6676,-7.5,False,False
2023-09-01,518880,黄金ETF,4.489,4.4393,2.0,True,True
2023-09-01,510880,红利ETF,2.606,2.6115,-2.03,False,False
2023-09-01,513500,标普500ETF,1.544,1.5228,1.18,True,True
2023-09-01,513180,恒生科技ETF,0.58,0.5752,-4.61,True,False
2023-09-01,510300,沪深300ETF,3.582,3.6126,-6.08,False,False
2023-09-08,518880,黄金ETF,4.536,4.465,2.74,True,True
2023-09-08,510880,红利ETF,2.598,2.612,0.08,False,False
2023-09-08,513500,标普500ETF,1.544,1.528,1.45,True,True
2023-09-08,513180,恒生科技ETF,0.559,0.5699,-4.12,False,False
2023-09-08,510300,沪深300ETF,3.529,3.572,-3.84,False,False
2023-09-15,518880,黄金ETF,4.548,4.4976,2.87,True,True
2023-09-15,510880,红利ETF,2.669,2.6198,2.14,True,False
2023-09-15,513500,标普500ETF,1.548,1.5325,3.41,True,True
2023-09-15,513180,恒生科技ETF,0.562,0.5672,1.08,False,False
2023-09-15,510300,沪深300ETF,3.507,3.5512,-1.82,False,False
2023-09-22,518880,黄金ETF,4.561,4.5268,2.54,True,True
2023-09-22,510880,红利ETF,2.695,2.6417,3.69,True,True
2023-09-22,513500,标普500ETF,1.493,1.5344,-0.53,False,False
2023-09-22,513180,恒生科技ETF,0.548,0.5646,-2.32,False,False
2023-09-22,510300,沪深300ETF,3.537,3.5494,0.94,False,False
2023-09-29,518880,黄金ETF,4.436,4.538,-1.29,False,False
2023-09-29,510880,红利ETF,2.661,2.6527,3.22,True,True
2023-09-29,513500,标普500ETF,1.471,1.5236,-5.28,False,False
2023-09-29,513180,恒生科技ETF,0.523,0.555,-9.2,False,False
2023-09-29,510300,沪深300ETF,3.484,3.5347,-2.11,False,False
2023-10-06,518880,黄金ETF,4.436,4.538,-1.29,False,False
2023-10-06,510880,红利ETF,2.661,2.6527,3.22,True,True
2023-10-06,513500,标普500ETF,1.471,1.5236,-5.28,False,False
2023-10-06,513180,恒生科技ETF,0.523,0.555,-9.2,False,False
2023-10-06,510300,沪深300ETF,3.484,3.5347,-2.11,False,False
2023-10-13,518880,黄金ETF,4.405,4.5076,-2.2,False,False
2023-10-13,510880,红利ETF,2.64,2.6556,0.88,False,False
2023-10-13,513500,标普500ETF,1.497,1.5108,-2.48,False,False
2023-10-13,513180,恒生科技ETF,0.538,0.5453,-4.95,False,False
2023-10-13,510300,沪深300ETF,3.456,3.5015,-2.65,False,False
2023-10-20,518880,黄金ETF,4.597,4.4991,0.11,True,True
2023-10-20,510880,红利ETF,2.564,2.6541,-3.86,False,False
2023-10-20,513500,标普500ETF,1.467,1.4994,-4.55,False,False
2023-10-20,513180,恒生科技ETF,0.509,0.5351,-9.11,False,False
2023-10-20,510300,沪深300ETF,3.302,3.4598,-6.3,False,False
2023-10-27,518880,黄金ETF,4.599,4.5035,0.41,True,True
2023-10-27,510880,红利ETF,2.599,2.6261,-3.06,False,False
2023-10-27,513500,标普500ETF,1.433,1.4786,-5.22,False,False
2023-10-27,513180,恒生科技ETF,0.525,0.5257,-1.13,False,False
2023-10-27,510300,沪深300ETF,3.356,3.4088,-3.06,False,False
2023-11-03,518880,黄金ETF,4.61,4.5229,3.92,True,True
2023-11-03,510880,红利ETF,2.558,2.5977,-3.87,False,False
2023-11-03,513500,标普500ETF,1.486,1.4707,1.02,True,False
2023-11-03,513180,恒生科技ETF,0.541,0.524,3.44,True,True
2023-11-03,510300,沪深300ETF,3.373,3.3738,-3.19,False,False
2023-11-10,518880,黄金ETF,4.554,4.5669,3.38,False,False
2023-11-10,510880,红利ETF,2.557,2.5755,-3.14,False,False
2023-11-10,513500,标普500ETF,1.493,1.4714,-0.27,True,True
2023-11-10,513180,恒生科技ETF,0.537,0.5268,-0.19,True,True
2023-11-10,510300,沪深300ETF,3.375,3.358,-2.34,True,False
2023-11-17,518880,黄金ETF,4.572,4.5767,-0.54,False,False
2023-11-17,510880,红利ETF,2.553,2.5602,-0.43,False,False
2023-11-17,513500,标普500ETF,1.54,1.481,4.98,True,True
2023-11-17,513180,恒生科技ETF,0.546,0.5345,7.27,True,True
2023-11-17,510300,沪深300ETF,3.354,3.3576,1.57,False,False
2023-11-24,518880,黄金ETF,4.499,4.5586,-2.17,False,False
2023-11-24,510880,红利ETF,2.593,2.5612,-0.23,True,False
2023-11-24,513500,标普500ETF,1.535,1.5018,7.12,True,True
2023-11-24,513180,恒生科技ETF,0.545,0.5438,3.81,True,True
2023-11-24,510300,沪深300ETF,3.325,3.3706,-0.92,False,False
2023-12-01,518880,黄金ETF,4.589,4.5496,-0.46,True,False
2023-12-01,510880,红利ETF,2.586,2.5646,1.09,True,True
2023-12-01,513500,标普500ETF,1.539,1.5226,3.57,True,True
2023-12-01,513180,恒生科技ETF,0.521,0.5452,-3.7,False,False
2023-12-01,510300,沪深300ETF,3.268,3.3515,-3.11,False,False
2023-12-08,518880,黄金ETF,4.591,4.5593,0.81,True,True
2023-12-08,510880,红利ETF,2.555,2.568,-0.08,False,False
2023-12-08,513500,标普500ETF,1.545,1.5338,3.48,True,True
2023-12-08,513180,恒生科技ETF,0.502,0.5332,-6.52,False,False
2023-12-08,510300,沪深300ETF,3.181,3.2991,-5.75,False,False
2023-12-15,518880,黄金ETF,4.59,4.5597,0.39,True,True
2023-12-15,510880,红利ETF,2.562,2.5728,0.35,False,False
2023-12-15,513500,标普500ETF,1.586,1.5454,2.99,True,True
2023-12-15,513180,恒生科技ETF,0.508,0.5214,-6.96,False,False
2023-12-15,510300,沪深300ETF,3.132,3.249,-6.62,False,False
2023-12-22,518880,黄金ETF,4.627,4.5833,2.85,True,True
2023-12-22,510880,红利ETF,2.525,2.5648,-2.62,False,False
2023-12-22,513500,标普500ETF,1.597,1.5623,4.04,True,True
2023-12-22,513180,恒生科技ETF,0.477,0.509,-12.48,False,False
2023-12-22,510300,沪深300ETF,3.126,3.1905,-5.98,False,False
2023-12-29,518880,黄金ETF,4.648,4.602,1.29,True,True
2023-12-29,510880,红利ETF,2.515,2.5486,-2.75,False,False
2023-12-29,513500,标普500ETF,1.603,1.5798,4.16,True,True
2023-12-29,513180,恒生科技ETF,0.499,0.4982,-4.22,True,False
2023-12-29,510300,沪深300ETF,3.219,3.159,-1.5,True,False
2024-01-05,518880,黄金ETF,4.664,4.615,1.75,True,True
2024-01-05,510880,红利ETF,2.628,2.5555,2.9,True,True
2024-01-05,513500,标普500ETF,1.582,1.5904,3.2,False,False
2024-01-05,513180,恒生科技ETF,0.482,0.4954,-3.98,False,False
2024-01-05,510300,沪深300ETF,3.116,3.1493,-1.83,False,False
2024-01-12,518880,黄金ETF,4.646,4.6346,1.04,True,True
2024-01-12,510880,红利ETF,2.594,2.5616,0.58,True,False
2024-01-12,513500,标普500ETF,1.616,1.6006,1.44,True,True
2024-01-12,513180,恒生科技ETF,0.467,0.4868,-6.6,False,False
2024-01-12,510300,沪深300ETF,3.069,3.1224,-2.23,False,False
2024-01-19,518880,黄金ETF,4.643,4.6485,0.83,False,False
2024-01-19,510880,红利ETF,2.534,2.569,0.2,False,False
2024-01-19,513500,标普500ETF,1.626,1.606,2.39,True,True
2024-01-19,513180,恒生科技ETF,0.42,0.47,-16.33,False,False
2024-01-19,510300,沪深300ETF,3.064,3.1078,-1.79,False,False
2024-01-26,518880,黄金ETF,4.625,4.6426,-0.79,False,False
2024-01-26,510880,红利ETF,2.664,2.5796,6.56,True,True
2024-01-26,513500,标普500ETF,1.654,1.6203,3.05,True,True
2024-01-26,513180,恒生科技ETF,0.43,0.4557,-14.34,False,False
2024-01-26,510300,沪深300ETF,3.118,3.0884,-2.84,True,False
2024-02-02,518880,黄金ETF,4.679,4.6421,0.32,True,True
2024-02-02,510880,红利ETF,2.627,2.5952,-0.04,True,False
2024-02-02,513500,标普500ETF,1.688,1.6398,6.7,True,True
2024-02-02,513180,恒生科技ETF,0.41,0.4362,-14.94,False,False
2024-02-02,510300,沪深300ETF,2.977,3.0539,-4.46,False,False
2024-02-09,518880,黄金ETF,4.662,4.643,0.67,True,False
2024-02-09,510880,红利ETF,2.72,2.6121,5.47,True,True
2024-02-09,513500,标普500ETF,1.745,1.6602,7.52,True,True
2024-02-09,513180,恒生科技ETF,0.428,0.4279,-9.7,True,False
2024-02-09,510300,沪深300ETF,3.151,3.0584,2.31,True,False
2024-02-16,518880,黄金ETF,4.662,4.643,0.67,True,False
2024-02-16,510880,红利ETF,2.72,2.6121,5.47,True,True
2024-02-16,513500,标普500ETF,1.745,1.6602,7.52,True,True
2024-02-16,513180,恒生科技ETF,0.428,0.4279,-9.7,True,False
2024-02-16,510300,沪深300ETF,3.151,3.0584,2.31,True,False
2024-02-23,518880,黄金ETF,4.63,4.6407,0.3,False,False
2024-02-23,510880,红利ETF,2.867,2.6744,12.17,True,True
2024-02-23,513500,标普500ETF,1.766,1.691,9.69,True,True
2024-02-23,513180,恒生科技ETF,0.46,0.4289,6.73,True,False
2024-02-23,510300,沪深300ETF,3.267,3.1008,6.87,True,False
2024-03-01,518880,黄金ETF,4.667,4.647,1.35,True,False
2024-03-01,510880,红利ETF,2.822,2.7452,7.59,True,True
2024-03-01,513500,标普500ETF,1.781,1.7199,6.9,True,True
2024-03-01,513180,恒生科技ETF,0.469,0.4383,5.63,True,False
2024-03-01,510300,沪深300ETF,3.319,3.155,6.24,True,False
2024-03-08,518880,黄金ETF,4.881,4.6908,4.56,True,False
2024-03-08,510880,红利ETF,2.904,2.8013,10.88,True,True
2024-03-08,513500,标普500ETF,1.8,1.7504,8.43,True,False
2024-03-08,513180,恒生科技ETF,0.458,0.448,11.44,True,True
2024-03-08,510300,沪深300ETF,3.322,3.2235,10.48,True,False
2024-03-15,518880,黄金ETF,4.899,4.7491,5.08,True,False
2024-03-15,510880,红利ETF,2.786,2.8343,2.43,False,False
2024-03-15,513500,标普500ETF,1.775,1.7704,1.72,True,False
2024-03-15,513180,恒生科技ETF,0.477,0.4626,11.45,True,True
2024-03-15,510300,沪深300ETF,3.35,3.2953,6.32,True,True
2024-03-22,518880,黄金ETF,4.946,4.8159,6.83,True,True
2024-03-22,510880,红利ETF,2.783,2.8176,-2.93,False,False
2024-03-22,513500,标普500ETF,1.837,1.7862,4.02,True,True
2024-03-22,513180,恒生科技ETF,0.469,0.4697,1.96,False,False
2024-03-22,510300,沪深300ETF,3.328,3.3278,1.87,True,False
2024-03-29,518880,黄金ETF,5.126,4.9064,9.84,True,True
2024-03-29,510880,红利ETF,2.787,2.809,-1.24,False,False
2024-03-29,513500,标普500ETF,1.856,1.8049,4.21,True,True
2024-03-29,513180,恒生科技ETF,0.474,0.4708,1.07,True,False
2024-03-29,510300,沪深300ETF,3.315,3.3364,-0.12,False,False
2024-04-05,518880,黄金ETF,5.231,4.9668,8.44,True,True
2024-04-05,510880,红利ETF,2.84,2.8008,-0.98,True,False
2024-04-05,513500,标普500ETF,1.802,1.8113,1.18,False,False
2024-04-05,513180,恒生科技ETF,0.469,0.4736,2.4,False,False
2024-04-05,510300,沪深300ETF,3.347,3.3408,0.48,True,True
2024-04-12,518880,黄金ETF,5.504,5.0943,13.02,True,True
2024-04-12,510880,红利ETF,2.879,2.8033,3.45,True,True
2024-04-12,513500,标普500ETF,1.802,1.8152,1.07,False,False
2024-04-12,513180,恒生科技ETF,0.471,0.4743,-4.07,False,False
2024-04-12,510300,沪深300ETF,3.255,3.3269,-2.95,False,False
2024-04-19,518880,黄金ETF,5.471,5.2373,12.11,True,True
2024-04-19,510880,红利ETF,3.023,2.855,9.02,True,True
2024-04-19,513500,标普500ETF,1.709,1.8049,-4.53,False,False
2024-04-19,513180,恒生科技ETF,0.445,0.4678,-7.1,False,False
2024-04-19,510300,沪深300ETF,3.32,3.319,-1.22,True,False
2024-04-26,518880,黄金ETF,5.329,5.3204,6.79,True,True
2024-04-26,510880,红利ETF,2.879,2.8848,3.75,False,False
2024-04-26,513500,标普500ETF,1.746,1.7814,-5.31,False,False
2024-04-26,513180,恒生科技ETF,0.502,0.4698,8.89,True,True
2024-04-26,510300,沪深300ETF,3.362,3.318,2.44,True,False
2024-05-03,518880,黄金ETF,5.286,5.3417,3.12,False,False
2024-05-03,510880,红利ETF,2.858,2.8922,2.55,False,False
2024-05-03,513500,标普500ETF,1.758,1.7708,-5.28,False,False
2024-05-03,513180,恒生科技ETF,0.5,0.4727,5.49,True,True
2024-05-03,510300,沪深300ETF,3.387,3.3269,2.17,True,True
2024-05-10,518880,黄金ETF,5.369,5.3484,0.0,True,False
2024-05-10,510880,红利ETF,2.927,2.9108,3.25,True,False
2024-05-10,513500,标普500ETF,1.799,1.7601,-0.77,True,False
2024-05-10,513180,恒生科技ETF,0.533,0.4874,13.16,True,True
2024-05-10,510300,沪深300ETF,3.447,3.3502,4.08,True,True
2024-05-17,518880,黄金ETF,5.416,5.3364,-0.66,True,False
2024-05-17,510880,红利ETF,2.945,2.9168,-0.47,True,False
2024-05-17,513500,标普500ETF,1.844,1.7706,5.92,True,True
2024-05-17,513180,恒生科技ETF,0.556,0.5072,22.74,True,True
2024-05-17,510300,沪深300ETF,3.465,3.387,5.13,True,False
2024-05-24,518880,黄金ETF,5.319,5.3482,1.66,False,False
2024-05-24,510880,红利ETF,2.953,2.9196,2.25,True,True
2024-05-24,513500,标普500ETF,1.818,1.7987,5.21,True,True
2024-05-24,513180,恒生科技ETF,0.514,0.528,10.3,False,False
2024-05-24,510300,沪深300ETF,3.391,3.4178,3.13,False,False
2024-05-31,518880,黄金ETF,5.343,5.3591,1.08,False,False
2024-05-31,510880,红利ETF,2.988,2.9498,4.55,True,True
2024-05-31,513500,标普500ETF,1.807,1.8163,2.79,False,False
2024-05-31,513180,恒生科技ETF,0.507,0.5334,1.4,False,False
2024-05-31,510300,沪深300ETF,3.371,3.428,-0.47,False,False
2024-06-07,518880,黄金ETF,5.399,5.3771,0.56,True,False
2024-06-07,510880,红利ETF,2.976,2.9649,1.67,True,True
2024-06-07,513500,标普500ETF,1.882,1.8352,4.61,True,True
2024-06-07,513180,恒生科技ETF,0.513,0.5296,-3.75,False,False
2024-06-07,510300,沪深300ETF,3.365,3.415,-2.38,False,False
2024-06-14,518880,黄金ETF,5.271,5.3566,-2.7,False,False
2024-06-14,510880,红利ETF,2.938,2.968,0.48,False,False
2024-06-14,513500,标普500ETF,1.903,1.8503,2.86,True,True
2024-06-14,513180,恒生科技ETF,0.508,0.5218,-7.64,False,False
2024-06-14,510300,沪深300ETF,3.343,3.3962,-2.37,False,False
2024-06-21,518880,黄金ETF,5.376,5.3212,0.19,True,True
2024-06-21,510880,红利ETF,2.914,2.9499,-1.49,False,False
2024-06-21,513500,标普500ETF,1.914,1.8667,3.52,True,True
2024-06-21,513180,恒生科技ETF,0.508,0.5132,-4.33,False,False
2024-06-21,510300,沪深300ETF,3.305,3.3626,-3.7,False,False
2024-06-28,518880,黄金ETF,5.297,5.3074,-0.38,False,False
2024-06-28,510880,红利ETF,2.916,2.9254,-2.18,False,False
2024-06-28,513500,标普500ETF,1.971,1.8939,9.14,True,True
2024-06-28,513180,恒生科技ETF,0.489,0.5081,-3.93,False,False
2024-06-28,510300,沪深300ETF,3.276,3.3323,-3.22,False,False
2024-07-05,518880,黄金ETF,5.381,5.3066,-0.31,True,True
2024-07-05,510880,红利ETF,2.933,2.9264,-0.54,True,False
2024-07-05,513500,标普500ETF,1.993,1.9292,6.41,True,True
2024-07-05,513180,恒生科技ETF,0.495,0.5024,-4.81,False,False
2024-07-05,510300,沪深300ETF,3.247,3.3043,-4.16,False,False
2024-07-12,518880,黄金ETF,5.446,5.3347,3.32,True,True
2024-07-12,510880,红利ETF,2.873,2.9151,-2.21,False,False
2024-07-12,513500,标普500ETF,1.974,1.9534,3.73,True,True
2024-07-12,513180,恒生科技ETF,0.516,0.5,1.57,True,False
2024-07-12,510300,沪深300ETF,3.308,3.286,-1.05,True,False
2024-07-19,518880,黄金ETF,5.425,5.381,0.91,True,True
2024-07-19,510880,红利ETF,2.865,2.9111,-1.68,False,False
2024-07-19,513500,标普500ETF,1.979,1.9822,3.4,False,False
2024-07-19,513180,恒生科技ETF,0.491,0.497,-3.35,False,False
2024-07-19,510300,沪深300ETF,3.389,3.2924,2.54,True,True
2024-07-26,518880,黄金ETF,5.35,5.4088,1.0,False,False
2024-07-26,510880,红利ETF,2.782,2.8902,-4.6,False,False
2024-07-26,513500,标普500ETF,1.927,1.986,-2.23,False,False
2024-07-26,513180,恒生科技ETF,0.475,0.4936,-2.86,False,False
2024-07-26,510300,沪深300ETF,3.263,3.2945,-0.4,False,False
2024-08-02,518880,黄金ETF,5.505,5.4343,2.3,True,True
2024-08-02,510880,红利ETF,2.803,2.8491,-4.43,False,False
2024-08-02,513500,标普500ETF,1.912,1.979,-4.06,False,False
2024-08-02,513180,恒生科技ETF,0.464,0.489,-6.26,False,False
2024-08-02,510300,沪深300ETF,3.236,3.2896,-0.34,False,False
2024-08-09,518880,黄金ETF,5.396,5.4235,-0.92,False,False
2024-08-09,510880,红利ETF,2.763,2.8146,-3.83,False,False
2024-08-09,513500,标普500ETF,1.835,1.9328,-7.04,False,False
2024-08-09,513180,恒生科技ETF,0.468,0.4792,-9.3,False,False
2024-08-09,510300,沪深300ETF,3.182,3.2706,-3.81,False,False
2024-08-16,518880,黄金ETF,5.453,5.4106,0.52,True,True
2024-08-16,510880,红利ETF,2.811,2.7905,-1.88,True,False
2024-08-16,513500,标普500ETF,1.975,1.9068,-0.2,True,True
2024-08-16,513180,恒生科技ETF,0.47,0.4708,-4.28,False,False
2024-08-16,510300,沪深300ETF,3.199,3.2286,-5.61,False,False
2024-08-23,518880,黄金ETF,5.504,5.4423,2.88,True,True
2024-08-23,510880,红利ETF,2.774,2.787,-0.29,False,False
2024-08-23,513500,标普500ETF,1.964,1.9101,1.92,True,True
2024-08-23,513180,恒生科技ETF,0.468,0.468,-1.47,True,False
2024-08-23,510300,沪深300ETF,3.182,3.2036,-2.48,False,False
2024-08-30,518880,黄金ETF,5.522,5.465,0.31,True,False
2024-08-30,510880,红利ETF,2.705,2.771,-3.5,False,False
2024-08-30,513500,标普500ETF,1.978,1.917,3.45,True,True
2024-08-30,513180,恒生科技ETF,0.481,0.4672,3.66,True,True
2024-08-30,510300,沪深300ETF,3.181,3.1807,-1.7,True,False
2024-09-06,518880,黄金ETF,5.517,5.4992,2.24,True,True
2024-09-06,510880,红利ETF,2.67,2.7538,-3.37,False,False
2024-09-06,513500,标普500ETF,1.919,1.9536,4.58,False,False
2024-09-06,513180,恒生科技ETF,0.466,0.4693,-0.43,False,False
2024-09-06,510300,沪深300ETF,3.091,3.1616,-2.86,False,False
2024-09-13,518880,黄金ETF,5.611,5.5198,2.9,True,True
2024-09-13,510880,红利ETF,2.56,2.7019,-8.93,False,False
2024-09-13,513500,标普500ETF,1.941,1.9525,-1.72,False,False
2024-09-13,513180,恒生科技ETF,0.47,0.4697,0.0,True,True
2024-09-13,510300,沪深300ETF,3.017,3.1254,-5.69,False,False
2024-09-20,518880,黄金ETF,5.663,5.5352,2.28,True,True
2024-09-20,510880,红利ETF,2.589,2.6694,-6.64,False,False
2024-09-20,513500,标普500ETF,1.97,1.9525,0.15,True,False
2024-09-20,513180,恒生科技ETF,0.494,0.472,6.24,True,True
2024-09-20,510300,沪深300ETF,3.063,3.1037,-3.59,False,False
2024-09-27,518880,黄金ETF,5.708,5.5842,3.26,True,False
2024-09-27,510880,红利ETF,2.893,2.6767,5.12,True,False
2024-09-27,513500,标普500ETF,1.919,1.9454,-3.91,False,False
2024-09-27,513180,恒生科技ETF,0.586,0.4884,25.21,True,True
2024-09-27,510300,沪深300ETF,3.658,3.1434,16.27,True,True
2024-10-04,518880,黄金ETF,5.707,5.5928,3.11,True,False
2024-10-04,510880,红利ETF,3.114,2.6976,15.5,True,False
2024-10-04,513500,标普500ETF,1.908,1.942,-3.34,False,False
2024-10-04,513180,恒生科技ETF,0.643,0.4972,37.98,True,True
2024-10-04,510300,沪深300ETF,4.022,3.1876,28.25,True,True
2024-10-11,518880,黄金ETF,5.739,5.6324,5.05,True,False
2024-10-11,510880,红利ETF,2.941,2.7525,9.25,True,False
2024-10-11,513500,标普500ETF,1.967,1.9344,2.5,True,False
2024-10-11,513180,恒生科技ETF,0.616,0.5291,31.34,True,True
2024-10-11,510300,沪深300ETF,3.766,3.343,21.02,True,True
2024-10-18,518880,黄金ETF,5.945,5.7214,7.27,True,False
2024-10-18,510880,红利ETF,2.967,2.8385,15.99,True,False
2024-10-18,513500,标普500ETF,2.027,1.9636,6.74,True,False
2024-10-18,513180,恒生科技ETF,0.618,0.5646,32.9,True,True
2024-10-18,510300,沪深300ETF,3.805,3.5104,25.04,True,True
2024-10-25,518880,黄金ETF,5.998,5.8251,5.92,True,False
2024-10-25,510880,红利ETF,2.939,2.931,13.52,True,False
2024-10-25,513500,标普500ETF,1.991,1.9766,1.07,True,False
2024-10-25,513180,恒生科技ETF,0.613,0.598,24.09,True,True
2024-10-25,510300,沪深300ETF,3.829,3.706,25.01,True,True
2024-11-01,518880,黄金ETF,6.051,5.9137,6.01,True,True
2024-11-01,510880,红利ETF,2.89,2.9577,-0.1,False,False
2024-11-01,513500,标普500ETF,1.971,1.9894,2.71,False,False
2024-11-01,513180,恒生科技ETF,0.606,0.6179,3.41,False,False
2024-11-01,510300,沪深300ETF,3.768,3.8204,3.01,False,False
2024-11-08,518880,黄金ETF,5.898,5.9781,2.77,False,False
2024-11-08,510880,红利ETF,2.941,2.9394,0.0,True,False
2024-11-08,513500,标普500ETF,2.063,2.01,4.88,True,True
2024-11-08,513180,恒生科技ETF,0.639,0.6162,3.73,True,False
2024-11-08,510300,沪深300ETF,3.983,3.82,5.76,True,True
2024-11-15,518880,黄金ETF,5.683,5.955,-4.41,False,False
2024-11-15,510880,红利ETF,2.885,2.919,-2.76,False,False
2024-11-15,513500,标普500ETF,2.088,2.0288,3.01,True,True
2024-11-15,513180,恒生科技ETF,0.595,0.6167,-3.72,False,False
2024-11-15,510300,沪深300ETF,3.844,3.8701,1.02,False,False
2024-11-22,518880,黄金ETF,6.01,5.9215,0.2,True,True
2024-11-22,510880,红利ETF,2.857,2.9105,-2.79,False,False
2024-11-22,513500,标普500ETF,2.128,2.0564,6.88,True,True
2024-11-22,513180,恒生科技ETF,0.583,0.6127,-4.89,False,False
2024-11-22,510300,沪深300ETF,3.742,3.8715,-2.27,False,False
2024-11-29,518880,黄金ETF,5.923,5.8751,-2.12,True,False
2024-11-29,510880,红利ETF,2.916,2.9082,0.9,True,True
2024-11-29,513500,标普500ETF,2.182,2.101,10.71,True,True
2024-11-29,513180,恒生科技ETF,0.594,0.6058,-1.98,False,False
2024-11-29,510300,沪深300ETF,3.79,3.8625,0.58,False,False
2024-12-06,518880,黄金ETF,5.903,5.865,0.08,True,False
2024-12-06,510880,红利ETF,3.017,2.9179,2.58,True,True
2024-12-06,513500,标普500ETF,2.228,2.1527,8.0,True,True
2024-12-06,513180,恒生科技ETF,0.612,0.6002,-4.23,True,False
2024-12-06,510300,沪深300ETF,3.846,3.8336,-3.44,True,False
2024-12-13,518880,黄金ETF,6.001,5.9195,5.6,True,True
2024-12-13,510880,红利ETF,3.003,2.9505,4.09,True,False
2024-12-13,513500,标普500ETF,2.244,2.1842,7.47,True,True
2024-12-13,513180,恒生科技ETF,0.618,0.6039,3.87,True,False
2024-12-13,510300,沪深300ETF,3.809,3.8132,-0.91,False,False
2024-12-20,518880,黄金ETF,5.892,5.9285,-1.96,False,False
2024-12-20,510880,红利ETF,2.979,2.9762,4.27,True,True
2024-12-20,513500,标普500ETF,2.144,2.2094,0.75,False,False
2024-12-20,513180,恒生科技ETF,0.616,0.6076,5.66,True,True
2024-12-20,510300,沪深300ETF,3.807,3.8075,1.74,False,False
2024-12-27,518880,黄金ETF,5.945,5.9406,0.37,True,False
2024-12-27,510880,红利ETF,3.03,3.0094,3.91,True,True
2024-12-27,513500,标普500ETF,2.191,2.2129,0.41,False,False
2024-12-27,513180,恒生科技ETF,0.626,0.616,5.39,True,True
2024-12-27,510300,沪深300ETF,3.856,3.8326,1.74,True,False
2025-01-03,518880,黄金ETF,6.029,5.9505,1.72,True,True
2025-01-03,510880,红利ETF,2.963,3.0226,-0.37,False,False
2025-01-03,513500,标普500ETF,2.17,2.2036,-2.82,False,False
2025-01-03,513180,恒生科技ETF,0.605,0.6174,0.83,False,False
2025-01-03,510300,沪深300ETF,3.658,3.8226,-3.64,False,False
2025-01-10,518880,黄金ETF,6.105,5.9668,0.88,True,True
2025-01-10,510880,红利ETF,2.866,2.9968,-5.72,False,False
2025-01-10,513500,标普500ETF,2.173,2.1952,-2.64,False,False
2025-01-10,513180,恒生科技ETF,0.591,0.6113,-7.22,False,False
2025-01-10,510300,沪深300ETF,3.612,3.768,-7.53,False,False
2025-01-17,518880,黄金ETF,6.139,6.0092,4.32,True,True
2025-01-17,510880,红利ETF,2.911,2.9643,-3.19,False,False
2025-01-17,513500,标普500ETF,2.191,2.1794,1.58,True,True
2025-01-17,513180,恒生科技ETF,0.618,0.6091,0.32,True,False
2025-01-17,510300,沪深300ETF,3.687,3.7332,-3.46,False,False
2025-01-24,518880,黄金ETF,6.218,6.0691,4.68,True,True
2025-01-24,510880,红利ETF,2.924,2.9346,-3.53,False,False
2025-01-24,513500,标普500ETF,2.214,2.1852,0.64,True,False
2025-01-24,513180,恒生科技ETF,0.636,0.612,2.09,True,True
2025-01-24,510300,沪深300ETF,3.718,3.698,-3.73,True,False
2025-01-31,518880,黄金ETF,6.202,6.082,4.32,True,True
2025-01-31,510880,红利ETF,2.962,2.9312,-2.24,True,False
2025-01-31,513500,标普500ETF,2.196,2.1855,0.23,True,False
2025-01-31,513180,恒生科技ETF,0.642,0.6127,2.56,True,True
2025-01-31,510300,沪深300ETF,3.696,3.69,-4.15,True,False
2025-02-07,518880,黄金ETF,6.42,6.1537,7.41,True,True
2025-02-07,510880,红利ETF,2.911,2.9098,-2.77,True,False
2025-02-07,513500,标普500ETF,2.192,2.1891,0.41,True,False
2025-02-07,513180,恒生科技ETF,0.708,0.6246,17.61,True,True
2025-02-07,510300,沪深300ETF,3.777,3.6795,2.14,True,False
2025-02-14,518880,黄金ETF,6.605,6.2887,8.9,True,True
2025-02-14,510880,红利ETF,2.925,2.9033,0.9,True,False
2025-02-14,513500,标普500ETF,2.173,2.1861,-0.59,False,False
2025-02-14,513180,恒生科技ETF,0.748,0.6564,24.87,True,True
2025-02-14,510300,沪深300ETF,3.823,3.7134,4.6,True,False
2025-02-21,518880,黄金ETF,6.568,6.4046,7.29,True,True
2025-02-21,510880,红利ETF,2.857,2.9048,-2.42,False,False
2025-02-21,513500,标普500ETF,2.154,2.1878,-1.78,False,False
2025-02-21,513180,恒生科技ETF,0.796,0.6994,30.07,True,True
2025-02-21,510300,沪深300ETF,3.864,3.7573,5.17,True,False
2025-02-28,518880,黄金ETF,6.444,6.4974,4.15,False,False
2025-02-28,510880,红利ETF,2.867,2.8963,-1.44,False,False
2025-02-28,513500,标普500ETF,2.032,2.1584,-7.85,False,False
2025-02-28,513180,恒生科技ETF,0.765,0.7415,23.99,True,True
2025-02-28,510300,沪深300ETF,3.783,3.7911,2.63,False,False
2025-03-07,518880,黄金ETF,6.526,6.5412,1.65,False,False
2025-03-07,510880,红利ETF,2.854,2.8804,-1.96,False,False
2025-03-07,513500,标普500ETF,2.001,2.1163,-8.71,False,False
2025-03-07,513180,恒生科技ETF,0.825,0.772,16.53,True,True
2025-03-07,510300,沪深300ETF,3.828,3.811,1.35,True,True
2025-03-14,518880,黄金ETF,6.673,6.5416,1.03,True,False
2025-03-14,510880,红利ETF,2.925,2.8731,0.0,True,False
2025-03-14,513500,标普500ETF,1.93,2.0592,-11.18,False,False
2025-03-14,513180,恒生科技ETF,0.808,0.7906,8.02,True,True
2025-03-14,510300,沪深300ETF,3.895,3.8197,1.88,True,True
2025-03-21,518880,黄金ETF,6.774,6.5892,3.14,True,True
2025-03-21,510880,红利ETF,2.912,2.881,1.93,True,True
2025-03-21,513500,标普500ETF,1.973,2.0045,-8.4,False,False
2025-03-21,513180,恒生科技ETF,0.776,0.8001,-2.51,False,False
2025-03-21,510300,沪深300ETF,3.799,3.8302,-1.68,False,False
2025-03-28,518880,黄金ETF,6.938,6.6632,7.67,True,True
2025-03-28,510880,红利ETF,2.939,2.9036,2.51,True,True
2025-03-28,513500,标普500ETF,1.963,1.9818,-3.4,False,False
2025-03-28,513180,恒生科技ETF,0.757,0.7927,-1.05,False,False
2025-03-28,510300,沪深300ETF,3.797,3.8255,0.37,False,False
2025-04-04,518880,黄金ETF,7.094,6.7712,8.55,True,True
2025-04-04,510880,红利ETF,2.974,2.9238,4.17,True,True
2025-04-04,513500,标普500ETF,1.897,1.9582,-6.32,False,False
2025-04-04,513180,恒生科技ETF,0.733,0.7844,-11.37,False,False
2025-04-04,510300,沪深300ETF,3.748,3.8207,-2.34,False,False
2025-04-11,518880,黄金ETF,7.273,6.9,10.62,True,True
2025-04-11,510880,红利ETF,2.88,2.92,-0.79,False,False
2025-04-11,513500,标普500ETF,1.841,1.9139,-4.71,False,False
2025-04-11,513180,恒生科技ETF,0.683,0.7472,-13.1,False,False
2025-04-11,510300,沪深300ETF,3.629,3.7573,-4.35,False,False
2025-04-18,518880,黄金ETF,7.583,7.0809,11.4,True,True
2025-04-18,510880,红利ETF,2.934,2.9207,0.55,True,True
2025-04-18,513500,标普500ETF,1.829,1.89,-7.67,False,False
2025-04-18,513180,恒生科技ETF,0.669,0.7128,-16.58,False,False
2025-04-18,510300,沪深300ETF,3.662,3.6976,-5.25,False,False
2025-04-25,518880,黄金ETF,7.53,7.3,10.54,True,True
2025-04-25,510880,红利ETF,2.928,2.9166,-0.95,True,True
2025-04-25,513500,标普500ETF,1.895,1.8511,-4.44,True,False
2025-04-25,513180,恒生科技ETF,0.693,0.6919,-10.12,True,False
2025-04-25,510300,沪深300ETF,3.671,3.6623,-3.8,True,False
2025-05-02,518880,黄金ETF,7.471,7.3724,5.88,True,True
2025-05-02,510880,红利ETF,2.895,2.9126,-2.0,False,False
2025-05-02,513500,标普500ETF,1.9,1.8456,-1.91,True,True
2025-05-02,513180,恒生科技ETF,0.698,0.6836,-6.81,True,False
2025-05-02,510300,沪深300ETF,3.655,3.6442,-3.08,True,False
2025-05-09,518880,黄金ETF,7.531,7.4947,8.75,True,False
2025-05-09,510880,红利ETF,2.927,2.9142,2.34,True,False
2025-05-09,513500,标普500ETF,1.942,1.8658,9.35,True,True
2025-05-09,513180,恒生科技ETF,0.708,0.6882,12.2,True,True
2025-05-09,510300,沪深300ETF,3.734,3.6622,6.11,True,False
2025-05-16,518880,黄金ETF,7.177,7.5008,-2.02,False,False
2025-05-16,510880,红利ETF,2.963,2.9326,1.37,True,False
2025-05-16,513500,标普500ETF,2.012,1.9048,7.88,True,True
2025-05-16,513180,恒生科技ETF,0.717,0.7002,4.37,True,True
2025-05-16,510300,沪深300ETF,3.778,3.707,3.79,True,False
2025-05-23,518880,黄金ETF,7.454,7.4217,-6.61,True,False
2025-05-23,510880,红利ETF,2.98,2.9468,1.57,True,False
2025-05-23,513500,标普500ETF,1.986,1.9498,10.15,True,True
2025-05-23,513180,恒生科技ETF,0.707,0.711,4.28,False,False
2025-05-23,510300,沪深300ETF,3.777,3.74,3.0,True,True
2025-05-30,518880,黄金ETF,7.369,7.3838,-1.97,False,False
2025-05-30,510880,红利ETF,2.979,2.9562,2.06,True,True
2025-05-30,513500,标普500ETF,2.004,1.9819,5.64,True,True
2025-05-30,513180,恒生科技ETF,0.699,0.7136,1.16,False,False
2025-05-30,510300,沪深300ETF,3.748,3.7595,2.46,False,False
2025-06-06,518880,黄金ETF,7.481,7.364,-1.01,True,False
2025-06-06,510880,红利ETF,2.981,2.974,2.44,True,True
2025-06-06,513500,标普500ETF,2.024,2.0023,4.33,True,True
2025-06-06,513180,恒生科技ETF,0.716,0.7127,-0.28,True,False
2025-06-06,510300,沪深300ETF,3.775,3.7723,0.96,True,False
2025-06-13,518880,黄金ETF,7.588,7.401,7.45,True,True
2025-06-13,510880,红利ETF,2.982,2.9816,0.03,True,False
2025-06-13,513500,标普500ETF,2.023,2.0166,1.2,True,True
2025-06-13,513180,恒生科技ETF,0.706,0.7136,-2.08,False,False
2025-06-13,510300,沪深300ETF,3.769,3.7709,-0.82,False,False
2025-06-20,518880,黄金ETF,7.436,7.4494,-0.19,False,False
2025-06-20,510880,红利ETF,2.997,2.9827,-0.37,True,True
2025-06-20,513500,标普500ETF,2.027,2.0226,1.91,True,True
2025-06-20,513180,恒生科技ETF,0.691,0.7099,-2.95,False,False
2025-06-20,510300,沪深300ETF,3.755,3.7652,-1.34,False,False
2025-06-27,518880,黄金ETF,7.326,7.4514,0.36,False,False
2025-06-27,510880,红利ETF,3.011,2.9969,1.55,True,False
2025-06-27,513500,标普500ETF,2.091,2.0374,2.9,True,True
2025-06-27,513180,恒生科技ETF,0.722,0.7131,0.84,True,False
2025-06-27,510300,沪深300ETF,3.84,3.7856,2.26,True,True
2025-07-04,518880,黄金ETF,7.407,7.435,-0.99,False,False
2025-07-04,510880,红利ETF,3.079,3.0119,3.29,True,False
2025-07-04,513500,标普500ETF,2.125,2.0601,4.99,True,True
2025-07-04,513180,恒生科技ETF,0.704,0.7145,-1.68,False,False
2025-07-04,510300,沪深300ETF,3.909,3.815,3.55,True,True
2025-07-11,518880,黄金ETF,7.376,7.4098,-2.79,False,False
2025-07-11,510880,红利ETF,3.107,3.04,4.19,True,False
2025-07-11,513500,标普500ETF,2.124,2.0812,4.99,True,True
2025-07-11,513180,恒生科技ETF,0.714,0.7108,1.13,True,False
2025-07-11,510300,沪深300ETF,3.956,3.8518,4.96,True,True
2025-07-18,518880,黄金ETF,7.403,7.3904,-0.44,True,False
2025-07-18,510880,红利ETF,3.083,3.0649,2.87,True,False
2025-07-18,513500,标普500ETF,2.143,2.1044,5.72,True,False
2025-07-18,513180,恒生科技ETF,0.745,0.7178,7.81,True,True
2025-07-18,510300,沪深300ETF,4.009,3.9018,6.76,True,True
2025-07-25,518880,黄金ETF,7.409,7.4075,1.13,True,False
2025-07-25,510880,红利ETF,3.15,3.0962,4.62,True,False
2025-07-25,513500,标普500ETF,2.164,2.1256,3.49,True,False
2025-07-25,513180,恒生科技ETF,0.766,0.7298,6.09,True,True
2025-07-25,510300,沪深300ETF,4.08,3.9622,6.25,True,True
2025-08-01,518880,黄金ETF,7.352,7.4012,-0.74,False,False
2025-08-01,510880,红利ETF,3.065,3.1085,-0.45,False,False
2025-08-01,513500,标普500ETF,2.172,2.1443,2.21,True,True
2025-08-01,513180,恒生科技ETF,0.74,0.7392,5.11,True,True
2025-08-01,510300,沪深300ETF,4.01,4.0102,2.58,False,False
2025-08-08,518880,黄金ETF,7.508,7.4285,1.79,True,False
2025-08-08,510880,红利ETF,3.135,3.112,0.9,True,False
2025-08-08,513500,标普500ETF,2.174,2.1572,2.35,True,True
2025-08-08,513180,恒生科技ETF,0.738,0.7482,3.36,False,False
2025-08-08,510300,沪深300ETF,4.06,4.0429,2.63,True,True
2025-08-15,518880,黄金ETF,7.401,7.428,-0.03,False,False
2025-08-15,510880,红利ETF,3.088,3.117,0.16,False,False
2025-08-15,513500,标普500ETF,2.217,2.176,3.45,True,True
2025-08-15,513180,恒生科技ETF,0.754,0.7525,1.21,True,False
2025-08-15,510300,沪深300ETF,4.172,4.0821,4.07,True,True
2025-08-22,518880,黄金ETF,7.378,7.4104,-0.42,False,False
2025-08-22,510880,红利ETF,3.11,3.1042,-1.27,True,False
2025-08-22,513500,标普500ETF,2.17,2.1861,0.28,False,False
2025-08-22,513180,恒生科技ETF,0.761,0.7503,-0.65,True,True
2025-08-22,510300,沪深300ETF,4.356,4.1255,6.76,True,True
2025-08-29,518880,黄金ETF,7.486,7.4329,1.82,True,False
2025-08-29,510880,红利ETF,3.046,3.1014,-0.62,False,False
2025-08-29,513500,标普500ETF,2.195,2.1892,1.06,True,False
2025-08-29,513180,恒生科技ETF,0.773,0.7572,4.46,True,True
2025-08-29,510300,沪深300ETF,4.478,4.2142,11.67,True,True
2025-09-05,518880,黄金ETF,7.775,7.4954,3.56,True,False
2025-09-05,510880,红利ETF,3.019,3.0786,-3.7,False,False
2025-09-05,513500,标普500ETF,2.204,2.1934,1.38,True,False
2025-09-05,513180,恒生科技ETF,0.771,0.7634,4.47,True,True
2025-09-05,510300,沪深300ETF,4.431,4.3072,9.14,True,True
2025-09-12,518880,黄金ETF,7.954,7.6239,7.47,True,True
2025-09-12,510880,红利ETF,3.016,3.0575,-2.33,False,False
2025-09-12,513500,标普500ETF,2.222,2.1949,0.23,True,False
2025-09-12,513180,恒生科技ETF,0.809,0.775,7.29,True,False
2025-09-12,510300,沪深300ETF,4.498,4.3901,7.81,True,True
2025-09-19,518880,黄金ETF,7.898,7.7607,7.05,True,True
2025-09-19,510880,红利ETF,2.97,3.0298,-4.5,False,False
2025-09-19,513500,标普500ETF,2.252,2.2075,3.78,True,False
2025-09-19,513180,恒生科技ETF,0.846,0.7952,11.17,True,True
2025-09-19,510300,沪深300ETF,4.481,4.4524,2.87,True,False
2025-09-26,518880,黄金ETF,8.16,7.9311,9.0,True,True
2025-09-26,510880,红利ETF,2.955,2.9978,-2.99,False,False
2025-09-26,513500,标普500ETF,2.265,2.2268,3.19,True,False
2025-09-26,513180,恒生科技ETF,0.851,0.8132,10.09,True,True
2025-09-26,510300,沪深300ETF,4.528,4.4779,1.12,True,False
2025-10-03,518880,黄金ETF,8.339,7.9951,8.72,True,True
2025-10-03,510880,红利ETF,2.939,2.9888,-3.42,False,False
2025-10-03,513500,标普500ETF,2.284,2.2365,4.44,True,False
2025-10-03,513180,恒生科技ETF,0.876,0.8219,12.89,True,True
2025-10-03,510300,沪深300ETF,4.618,4.491,3.38,True,False
2025-10-10,518880,黄金ETF,8.602,8.0858,10.99,True,True
2025-10-10,510880,红利ETF,2.993,2.9845,-1.19,True,False
2025-10-10,513500,标普500ETF,2.329,2.2507,6.4,True,False
2025-10-10,513180,恒生科技ETF,0.849,0.8321,12.75,True,True
2025-10-10,510300,沪深300ETF,4.596,4.5175,6.07,True,False
2025-10-17,518880,黄金ETF,9.568,8.4046,20.76,True,True
2025-10-17,510880,红利ETF,3.086,2.9932,1.81,True,True
2025-10-17,513500,标普500ETF,2.263,2.2697,2.4,False,False
2025-10-17,513180,恒生科技ETF,0.785,0.8379,-2.12,False,False
2025-10-17,510300,沪深300ETF,4.501,4.5452,-0.79,False,False
2025-10-24,518880,黄金ETF,8.95,8.7076,13.84,True,True
2025-10-24,510880,红利ETF,3.116,3.0239,5.52,True,True
2025-10-24,513500,标普500ETF,2.36,2.297,5.31,True,False
2025-10-24,513180,恒生科技ETF,0.818,0.8332,-3.08,False,False
2025-10-24,510300,沪深300ETF,4.647,4.5657,3.94,True,False
2025-10-31,518880,黄金ETF,8.794,8.8714,7.95,False,False
2025-10-31,510880,红利ETF,3.097,3.062,4.84,True,True
2025-10-31,513500,标普500ETF,2.454,2.3406,8.11,True,True
2025-10-31,513180,恒生科技ETF,0.802,0.826,-7.28,False,False
2025-10-31,510300,沪深300ETF,4.633,4.609,1.33,True,False
2025-11-07,518880,黄金ETF,8.793,8.9563,2.22,False,False
2025-11-07,510880,红利ETF,3.188,3.1152,6.52,True,True
2025-11-07,513500,标普500ETF,2.384,2.3694,2.36,True,True
2025-11-07,513180,恒生科技ETF,0.79,0.809,-6.95,False,False
2025-11-07,510300,沪深300ETF,4.672,4.6176,1.65,True,False
2025-11-14,518880,黄金ETF,9.096,8.9295,-4.93,True,False
2025-11-14,510880,红利ETF,3.205,3.1528,3.86,True,True
2025-11-14,513500,标普500ETF,2.448,2.4123,8.17,True,True
2025-11-14,513180,恒生科技ETF,0.786,0.8061,0.13,False,False
2025-11-14,510300,沪深300ETF,4.618,4.6426,2.6,False,False
2025-11-21,518880,黄金ETF,8.828,8.8566,-1.36,False,False
2025-11-21,510880,红利ETF,3.112,3.1616,-0.13,False,False
2025-11-21,513500,标普500ETF,2.355,2.4259,-0.21,False,False
2025-11-21,513180,恒生科技ETF,0.733,0.7918,-10.39,False,False
2025-11-21,510300,沪深300ETF,4.441,4.6327,-4.43,False,False
2025-11-28,518880,黄金ETF,9.067,8.9192,3.1,True,True
2025-11-28,510880,红利ETF,3.087,3.1556,-0.32,False,False
2025-11-28,513500,标普500ETF,2.463,2.4212,0.37,True,True
2025-11-28,513180,恒生科技ETF,0.753,0.7746,-6.11,False,False
2025-11-28,510300,沪深300ETF,4.512,4.5811,-2.61,False,False
2025-12-05,518880,黄金ETF,9.136,9.0083,3.9,True,True
2025-12-05,510880,红利ETF,3.083,3.1362,-3.29,False,False
2025-12-05,513500,标普500ETF,2.451,2.4336,2.81,True,True
2025-12-05,513180,恒生科技ETF,0.762,0.7645,-3.54,False,False
2025-12-05,510300,沪深300ETF,4.575,4.5574,-2.08,True,False
2025-12-12,518880,黄金ETF,9.227,9.0228,1.44,True,True
2025-12-12,510880,红利ETF,2.999,3.0908,-6.43,False,False
2025-12-12,513500,标普500ETF,2.453,2.4305,0.2,True,True
2025-12-12,513180,恒生科技ETF,0.754,0.7525,-4.07,True,False
2025-12-12,510300,沪深300ETF,4.571,4.5382,-1.02,True,False
2025-12-19,518880,黄金ETF,9.313,9.1322,5.49,True,True
2025-12-19,510880,红利ETF,3.031,3.0574,-2.6,False,False
2025-12-19,513500,标普500ETF,2.451,2.4405,4.08,True,True
2025-12-19,513180,恒生科技ETF,0.733,0.746,0.0,False,False
2025-12-19,510300,沪深300ETF,4.565,4.5388,2.79,True,False
2025-12-26,518880,黄金ETF,9.65,9.2848,6.43,True,True
2025-12-26,510880,红利ETF,3.044,3.0418,-1.39,True,False
2025-12-26,513500,标普500ETF,2.461,2.4474,-0.08,True,False
2025-12-26,513180,恒生科技ETF,0.738,0.7418,-1.99,False,False
2025-12-26,510300,沪深300ETF,4.661,4.5758,3.3,True,True
2026-01-02,518880,黄金ETF,9.301,9.3277,2.25,False,False
2026-01-02,510880,红利ETF,3.04,3.0328,-1.87,True,True
2026-01-02,513500,标普500ETF,2.432,2.4439,-1.5,False,False
2026-01-02,513180,恒生科技ETF,0.732,0.7396,-1.48,False,False
2026-01-02,510300,沪深300ETF,4.63,4.5904,2.39,True,True
2026-01-09,518880,黄金ETF,9.592,9.4398,5.46,True,True
2026-01-09,510880,红利ETF,3.091,3.0362,2.08,True,False
2026-01-09,513500,标普500ETF,2.46,2.4488,0.7,True,False
2026-01-09,513180,恒生科技ETF,0.755,0.741,0.94,True,False
2026-01-09,510300,沪深300ETF,4.762,4.6361,4.0,True,True
2026-01-16,518880,黄金ETF,9.857,9.5887,5.88,True,True
2026-01-16,510880,红利ETF,3.02,3.0492,0.67,False,False
2026-01-16,513500,标普500ETF,2.455,2.453,0.82,True,False
2026-01-16,513180,恒生科技ETF,0.768,0.7498,5.35,True,True
2026-01-16,510300,沪深300ETF,4.736,4.6892,3.5,True,False
2026-01-23,518880,黄金ETF,10.617,9.7888,10.11,True,True
2026-01-23,510880,红利ETF,3.069,3.059,1.56,True,False
2026-01-23,513500,标普500ETF,2.434,2.4509,-0.86,False,False
2026-01-23,513180,恒生科技ETF,0.763,0.7564,4.09,True,True
2026-01-23,510300,沪深300ETF,4.704,4.7219,1.51,False,False
2026-01-30,518880,黄金ETF,11.009,10.2192,18.36,True,True
2026-01-30,510880,红利ETF,3.144,3.0804,3.42,True,True
2026-01-30,513500,标普500ETF,2.439,2.4457,0.29,False,False
2026-01-30,513180,恒生科技ETF,0.752,0.7626,2.73,False,False
2026-01-30,510300,沪深300ETF,4.711,4.742,1.75,False,False
2026-02-06,518880,黄金ETF,10.357,10.4384,7.98,False,False
2026-02-06,510880,红利ETF,3.126,3.0873,1.13,True,True
2026-02-06,513500,标普500ETF,2.326,2.4202,-5.45,False,False
2026-02-06,513180,恒生科技ETF,0.701,0.7506,-7.15,False,False
2026-02-06,510300,沪深300ETF,4.649,4.7171,-2.37,False,False
2026-02-13,518880,黄金ETF,10.575,10.6496,7.28,False,False
2026-02-13,510880,红利ETF,3.137,3.1125,3.87,True,True
2026-02-13,513500,标普500ETF,2.382,2.4038,-2.97,False,False
2026-02-13,513180,恒生科技ETF,0.708,0.7354,-7.81,False,False
2026-02-13,510300,沪深300ETF,4.671,4.7065,-1.37,False,False
2026-02-20,518880,黄金ETF,10.575,10.6496,7.28,False,False
2026-02-20,510880,红利ETF,3.137,3.1125,3.87,True,True
2026-02-20,513500,标普500ETF,2.382,2.4038,-2.97,False,False
2026-02-20,513180,恒生科技ETF,0.708,0.7354,-7.81,False,False
2026-02-20,510300,沪深300ETF,4.671,4.7065,-1.37,False,False
2026-02-27,518880,黄金ETF,10.933,10.797,5.72,True,True
2026-02-27,510880,红利ETF,3.232,3.1409,5.04,True,True
2026-02-27,513500,标普500ETF,2.387,2.3928,-2.93,False,False
2026-02-27,513180,恒生科技ETF,0.67,0.7195,-11.61,False,False
2026-02-27,510300,沪深300ETF,4.725,4.7068,-0.04,True,False
2026-03-06,518880,黄金ETF,10.873,10.7888,-8.66,True,True
2026-03-06,510880,红利ETF,3.285,3.1907,3.76,True,True
2026-03-06,513500,标普500ETF,2.35,2.3751,-3.09,False,False
2026-03-06,513180,恒生科技ETF,0.643,0.6879,-15.84,False,False
2026-03-06,510300,沪深300ETF,4.667,4.6932,-2.12,False,False
2026-03-13,518880,黄金ETF,10.802,10.8792,2.65,False,False
2026-03-13,510880,红利ETF,3.364,3.2462,7.27,True,True
2026-03-13,513500,标普500ETF,2.286,2.3552,-3.46,False,False
2026-03-13,513180,恒生科技ETF,0.646,0.6693,-8.63,False,False
2026-03-13,510300,沪深300ETF,4.677,4.6949,-0.04,False,False
2026-03-20,518880,黄金ETF,9.896,10.8145,-7.69,False,False
2026-03-20,510880,红利ETF,3.296,3.2838,3.65,True,True
2026-03-20,513500,标普500ETF,2.244,2.3282,-6.07,False,False
2026-03-20,513180,恒生科技ETF,0.63,0.655,-11.02,False,False
2026-03-20,510300,沪深300ETF,4.576,4.6751,-3.19,False,False
2026-03-27,518880,黄金ETF,9.494,10.4392,-13.16,False,False
2026-03-27,510880,红利ETF,3.267,3.3011,1.08,False,False
2026-03-27,513500,标普500ETF,2.209,2.2812,-7.46,False,False
2026-03-27,513180,恒生科技ETF,0.622,0.6394,-7.16,False,False
2026-03-27,510300,沪深300ETF,4.508,4.6177,-4.59,False,False
2026-04-03,518880,黄金ETF,9.828,10.1118,-9.61,False,False
2026-04-03,510880,红利ETF,3.216,3.2868,-2.1,False,False
2026-04-03,513500,标普500ETF,2.206,2.2418,-6.13,False,False
2026-04-03,513180,恒生科技ETF,0.6,0.6318,-6.69,False,False
2026-04-03,510300,沪深300ETF,4.454,4.5723,-4.56,False,False
2026-04-10,518880,黄金ETF,9.972,9.9165,-8.83,True,False
2026-04-10,510880,红利ETF,3.218,3.2675,-4.82,False,False
2026-04-10,513500,标普500ETF,2.294,2.2333,-1.04,True,True
2026-04-10,513180,恒生科技ETF,0.624,0.6262,-3.85,False,False
2026-04-10,510300,沪深300ETF,4.642,4.5496,-1.11,True,True
2026-04-17,518880,黄金ETF,10.029,9.781,-0.96,True,False
2026-04-17,510880,红利ETF,3.218,3.2444,-2.63,False,False
2026-04-17,513500,标普500ETF,2.361,2.2466,4.52,True,True
2026-04-17,513180,恒生科技ETF,0.644,0.6204,-0.62,True,False
2026-04-17,510300,沪深300ETF,4.739,4.5635,3.04,True,True
2026-04-24,518880,黄金ETF,9.826,9.9085,3.98,False,False
2026-04-24,510880,红利ETF,3.28,3.2448,0.37,True,False
2026-04-24,513500,标普500ETF,2.366,2.2878,6.62,True,True
2026-04-24,513180,恒生科技ETF,0.628,0.6243,1.29,True,False
2026-04-24,510300,沪深300ETF,4.782,4.6344,6.55,True,True
2026-05-01,518880,黄金ETF,9.678,9.912,-3.45,False,False
2026-05-01,510880,红利ETF,3.341,3.2564,3.09,True,False
2026-05-01,513500,标普500ETF,2.419,2.3297,8.09,True,True
2026-05-01,513180,恒生科技ETF,0.627,0.6272,1.79,False,False
2026-05-01,510300,沪深300ETF,4.824,4.694,6.4,True,True
2026-05-08,518880,黄金ETF,9.88,9.9209,0.44,False,False
2026-05-08,510880,红利ETF,3.261,3.265,1.02,False,False
2026-05-08,513500,标普500ETF,2.483,2.3697,12.51,True,True
2026-05-08,513180,恒生科技ETF,0.653,0.6342,8.47,True,False
2026-05-08,510300,沪深300ETF,4.886,4.7589,9.9,True,True
2026-05-15,518880,黄金ETF,9.554,9.8611,-4.56,False,False
2026-05-15,510880,红利ETF,3.223,3.2703,0.0,False,False
2026-05-15,513500,标普500ETF,2.48,2.4183,7.22,True,True
2026-05-15,513180,恒生科技ETF,0.629,0.639,0.96,False,False
2026-05-15,510300,沪深300ETF,4.878,4.8381,3.52,True,True
2026-05-22,518880,黄金ETF,9.461,9.7146,-5.48,False,False
2026-05-22,510880,红利ETF,3.156,3.2598,-3.34,False,False
2026-05-22,513500,标普500ETF,2.485,2.4412,4.85,True,True
2026-05-22,513180,恒生科技ETF,0.618,0.6322,-4.63,False,False
2026-05-22,510300,沪深300ETF,4.862,4.8652,1.8,False,False
2026-05-29,518880,黄金ETF,9.397,9.5887,-3.44,False,False
2026-05-29,510880,红利ETF,3.206,3.2336,-3.58,False,False
2026-05-29,513500,标普500ETF,2.557,2.481,6.23,True,True
2026-05-29,513180,恒生科技ETF,0.62,0.6302,-0.16,False,False
2026-05-29,510300,沪深300ETF,4.923,4.9027,3.21,True,True
2026-06-05,518880,黄金ETF,9.252,9.4728,-6.36,False,False
2026-06-05,510880,红利ETF,3.321,3.2348,1.84,True,True
2026-06-05,513500,标普500ETF,2.568,2.5172,3.42,True,True
2026-06-05,513180,恒生科技ETF,0.621,0.6289,-4.9,False,False
2026-06-05,510300,沪深300ETF,4.843,4.9131,-0.88,False,False
2026-06-12,518880,黄金ETF,8.659,9.2291,-9.37,False,False
2026-06-12,510880,红利ETF,3.303,3.2452,2.48,True,True
2026-06-12,513500,标普500ETF,2.515,2.5256,1.41,False,False
2026-06-12,513180,恒生科技ETF,0.595,0.6179,-5.41,False,False
2026-06-12,510300,沪深300ETF,4.818,4.8707,-1.23,False,False
2026-06-19,518880,黄金ETF,8.908,9.124,-5.74,False,False
2026-06-19,510880,红利ETF,3.098,3.2391,-2.33,False,False
2026-06-19,513500,标普500ETF,2.564,2.5525,4.57,True,True
2026-06-19,513180,恒生科技ETF,0.58,0.6127,-4.61,False,False
2026-06-19,510300,沪深300ETF,4.984,4.8892,3.66,True,True
2026-06-26,518880,黄金ETF,8.39,8.901,-8.13,False,False
2026-06-26,510880,红利ETF,2.954,3.2076,-6.81,False,False
2026-06-26,513500,标普500ETF,2.482,2.551,-1.66,False,False
2026-06-26,513180,恒生科技ETF,0.542,0.5982,-12.3,False,False
2026-06-26,510300,沪深300ETF,4.907,4.9052,-0.51,True,True
2026-07-03,518880,黄金ETF,8.672,8.6772,-6.65,False,False
2026-07-03,510880,红利ETF,3.024,3.1274,-9.11,False,False
2026-07-03,513500,标普500ETF,2.503,2.5248,-2.46,False,False
2026-07-03,513180,恒生科技ETF,0.57,0.581,-9.67,False,False
2026-07-03,510300,沪深300ETF,4.876,4.9095,-1.02,False,False
2026-07-10,518880,黄金ETF,8.541,8.5997,0.41,False,False
2026-07-10,510880,红利ETF,3.045,3.0704,-6.6,False,False
2026-07-10,513500,标普500ETF,2.527,2.5216,1.16,True,True
2026-07-10,513180,恒生科技ETF,0.606,0.5776,2.89,True,True
2026-07-10,510300,沪深300ETF,4.829,4.9246,1.64,False,False
